Epizoda,Měsíc,YouTube_Zhlédnutí,PodcastName
A přece! – Otokar Fischer | Mozaika české poezie: Hlasy a otázky,2026-07,54,Poezie v rytmu
A přece! – Otokar Fischer | Mozaika české poezie: Hlasy a otázky,2026-08,17,Poezie v rytmu
Algoritmus kávy – Petr Šimeček | Z-ai-mavý spisovatel,2026-02,176,Nová vlna
Apostrofa zimní – Otokar Březina | Mozaika české poezie: Hlasy a otázky,2026-04,115,Poezie v rytmu
Arnošt Lustig 100 let – Eva Lustigová | Pestrá země: Rozhovor ke 100. výročí,2026-05,226,Pestrá země
Arnošt Lustig 100 let – Eva Lustigová | Pestrá země: Rozhovor ke 100. výročí,2026-06,46,Pestrá země
Arnošt Lustig 100 let – Eva Lustigová | Pestrá země: Rozhovor ke 100. výročí,2026-07,36,Pestrá země
Arnošt Lustig 100 let – Eva Lustigová | Pestrá země: Rozhovor ke 100. výročí,2026-08,15,Pestrá země
Balada dětská – Jan Neruda | Mozaika české poezie: Příběhy a obrazy,2026-03,147,Poezie v rytmu
Byl Adolf Hitler komunista?,2026-01,132,Historie mezi řádky
Byl Adolf Hitler komunista?,2026-02,160,Historie mezi řádky
Byl Adolf Hitler komunista?,2026-03,5,Historie mezi řádky
Byl Adolf Hitler komunista?,2026-04,7,Historie mezi řádky
Byl Adolf Hitler komunista?,2026-05,8,Historie mezi řádky
Byl Adolf Hitler komunista?,2026-06,4,Historie mezi řádky
Byl Adolf Hitler komunista?,2026-07,1,Historie mezi řádky
Byl Adolf Hitler komunista?,2026-08,1,Historie mezi řádky
Domovní důvěrník 2.0 – Jiří Krišpin | Z-ai-mavý spisovatel,2026-02,51,Nová vlna
Domovní důvěrník 2.0 – Jiří Krišpin | Z-ai-mavý spisovatel,2026-03,7,Nová vlna
Domovní důvěrník 2.0 – Jiří Krišpin | Z-ai-mavý spisovatel,2026-04,6,Nová vlna
Domovní důvěrník 2.0 – Jiří Krišpin | Z-ai-mavý spisovatel,2026-05,1,Nová vlna
Domovní důvěrník 2.0 – Jiří Krišpin | Z-ai-mavý spisovatel,2026-06,1,Nová vlna
Domovní důvěrník 2.0 – Jiří Krišpin | Z-ai-mavý spisovatel,2026-07,1,Nová vlna
Domovní důvěrník 2.0 – Jiří Krišpin | Z-ai-mavý spisovatel,2026-08,2,Nová vlna
Fónická poezie a autofikce – Pavel Novotný | Pestrá země,2026-02,97,Pestrá země
Fónická poezie a autofikce – Pavel Novotný | Pestrá země,2026-03,83,Pestrá země
Fónická poezie a autofikce – Pavel Novotný | Pestrá země,2026-04,18,Pestrá země
Fónická poezie a autofikce – Pavel Novotný | Pestrá země,2026-05,16,Pestrá země
Fónická poezie a autofikce – Pavel Novotný | Pestrá země,2026-06,22,Pestrá země
Fónická poezie a autofikce – Pavel Novotný | Pestrá země,2026-07,5,Pestrá země
Fónická poezie a autofikce – Pavel Novotný | Pestrá země,2026-08,14,Pestrá země
Galantní slavnost – Karel Toman | Mozaika české poezie: Hlasy a otázky,2026-07,31,Poezie v rytmu
Galantní slavnost – Karel Toman | Mozaika české poezie: Hlasy a otázky,2026-08,15,Poezie v rytmu
Hanuš Hackenschmied – U ledové víly | Kapitola 1: O třech princeznách v Modré hoře,2025-10,169,Nová vlna
Hitlerova cesta k moci - i Hitlera si zvolili demokraticky,2025-12,16,Historie mezi řádky
Hitlerova cesta k moci - i Hitlera si zvolili demokraticky,2026-01,8,Historie mezi řádky
Hitlerova cesta k moci - i Hitlera si zvolili demokraticky,2026-02,1,Historie mezi řádky
Hitlerova cesta k moci - i Hitlera si zvolili demokraticky,2026-03,1,Historie mezi řádky
Hitlerova cesta k moci - i Hitlera si zvolili demokraticky,2026-04,2,Historie mezi řádky
Hitlerova cesta k moci - i Hitlera si zvolili demokraticky,2026-05,3,Historie mezi řádky
Hitlerova cesta k moci - i Hitlera si zvolili demokraticky,2026-06,2,Historie mezi řádky
Hitlerova cesta k moci - i Hitlera si zvolili demokraticky,2026-07,1,Historie mezi řádky
Hitlerova cesta k moci - i Hitlera si zvolili demokraticky,2026-08,1,Historie mezi řádky
Hledání slov – Jana Šindlerová | Z-ai-mavý spisovatel,2026-02,34,Nová vlna
Hledání slov – Jana Šindlerová | Z-ai-mavý spisovatel,2026-03,11,Nová vlna
Hledání slov – Jana Šindlerová | Z-ai-mavý spisovatel,2026-04,10,Nová vlna
Hledání slov – Jana Šindlerová | Z-ai-mavý spisovatel,2026-05,5,Nová vlna
Hledání slov – Jana Šindlerová | Z-ai-mavý spisovatel,2026-06,3,Nová vlna
Hledání slov – Jana Šindlerová | Z-ai-mavý spisovatel,2026-07,1,Nová vlna
Hledání slov – Jana Šindlerová | Z-ai-mavý spisovatel,2026-08,1,Nová vlna
Holčičko ubohá – Růžena Jesenská | Mozaika české poezie: Hlasy a otázky,2026-08,51,
Jak virtuální realita pomáhá seniorům i pečovatelům | 10. díl,2026-03,135,Virtuální realita
Jan Křesadlo – Václav Z. J. Pinkava | Pestrá země,2025-12,125,Pestrá země
Jan Křesadlo – Václav Z. J. Pinkava | Pestrá země,2026-01,94,Pestrá země
Jan Křesadlo – Václav Z. J. Pinkava | Pestrá země,2026-02,29,Pestrá země
Jan Křesadlo – Václav Z. J. Pinkava | Pestrá země,2026-03,8,Pestrá země
Jan Křesadlo – Václav Z. J. Pinkava | Pestrá země,2026-04,3,Pestrá země
Jan Křesadlo – Václav Z. J. Pinkava | Pestrá země,2026-05,10,Pestrá země
Jan Křesadlo – Václav Z. J. Pinkava | Pestrá země,2026-06,9,Pestrá země
Jan Křesadlo – Václav Z. J. Pinkava | Pestrá země,2026-07,4,Pestrá země
Jan Křesadlo – Václav Z. J. Pinkava | Pestrá země,2026-08,8,Pestrá země
Josef Mach – Tři mrtvoly ve sklepě a jiné | Povídka 1: Tři mrtvoly ve sklepě,2025-08,129,Nová vlna
Josef Mach – Tři mrtvoly ve sklepě a jiné | Povídka 1: Tři mrtvoly ve sklepě,2025-09,83,Nová vlna
Josef Mach – Tři mrtvoly ve sklepě a jiné | Povídka 1: Tři mrtvoly ve sklepě,2025-10,29,Nová vlna
Josef Mach – Tři mrtvoly ve sklepě a jiné | Povídka 1: Tři mrtvoly ve sklepě,2025-11,11,Nová vlna
Josef Mach – Tři mrtvoly ve sklepě a jiné | Povídka 1: Tři mrtvoly ve sklepě,2025-12,2,Nová vlna
Josef Mach – Tři mrtvoly ve sklepě a jiné | Povídka 1: Tři mrtvoly ve sklepě,2026-01,8,Nová vlna
Josef Mach – Tři mrtvoly ve sklepě a jiné | Povídka 1: Tři mrtvoly ve sklepě,2026-02,5,Nová vlna
Josef Mach – Tři mrtvoly ve sklepě a jiné | Povídka 1: Tři mrtvoly ve sklepě,2026-03,4,Nová vlna
Josef Mach – Tři mrtvoly ve sklepě a jiné | Povídka 1: Tři mrtvoly ve sklepě,2026-04,4,Nová vlna
Josef Mach – Tři mrtvoly ve sklepě a jiné | Povídka 1: Tři mrtvoly ve sklepě,2026-05,2,Nová vlna
Josef Mach – Tři mrtvoly ve sklepě a jiné | Povídka 1: Tři mrtvoly ve sklepě,2026-06,4,Nová vlna
Josef Mach – Tři mrtvoly ve sklepě a jiné | Povídka 1: Tři mrtvoly ve sklepě,2026-07,8,Nová vlna
Josef Mach – Tři mrtvoly ve sklepě a jiné | Povídka 1: Tři mrtvoly ve sklepě,2026-08,1,Nová vlna
Josef Mach – Tři mrtvoly ve sklepě a jiné | Povídka 2: Boží prsty,2025-08,183,Nová vlna
Josef Mach – Tři mrtvoly ve sklepě a jiné | Povídka 3: Chocholouš,2025-08,133,Nová vlna
Josef Mach – Tři mrtvoly ve sklepě a jiné | Povídka 4: Ze zašlých dob,2025-08,228,Nová vlna
Josef Mach – Tři mrtvoly ve sklepě a jiné | Povídka 4: Ze zašlých dob,2025-09,24,Nová vlna
Josef Mach – Tři mrtvoly ve sklepě a jiné | Povídka 4: Ze zašlých dob,2025-10,10,Nová vlna
Josef Mach – Tři mrtvoly ve sklepě a jiné | Povídka 4: Ze zašlých dob,2025-11,7,Nová vlna
Josef Mach – Tři mrtvoly ve sklepě a jiné | Povídka 4: Ze zašlých dob,2025-12,1,Nová vlna
Josef Mach – Tři mrtvoly ve sklepě a jiné | Povídka 4: Ze zašlých dob,2026-01,7,Nová vlna
Josef Mach – Tři mrtvoly ve sklepě a jiné | Povídka 4: Ze zašlých dob,2026-02,2,Nová vlna
Josef Mach – Tři mrtvoly ve sklepě a jiné | Povídka 4: Ze zašlých dob,2026-03,2,Nová vlna
Josef Mach – Tři mrtvoly ve sklepě a jiné | Povídka 4: Ze zašlých dob,2026-04,2,Nová vlna
Josef Mach – Tři mrtvoly ve sklepě a jiné | Povídka 4: Ze zašlých dob,2026-06,6,Nová vlna
Josef Mach – Tři mrtvoly ve sklepě a jiné | Povídka 4: Ze zašlých dob,2026-07,2,Nová vlna
Josef Mach – Tři mrtvoly ve sklepě a jiné | Povídka 4: Ze zašlých dob,2026-08,1,Nová vlna
Josef Mach – Tři mrtvoly ve sklepě a jiné | Povídka 5: Němá láska poručíka Klanga,2025-08,90,Nová vlna
Josef Mach – Tři mrtvoly ve sklepě a jiné | Povídka 6: Plavba paní Suchánkové do Ameriky,2025-08,113,Nová vlna
Josef Mach – Tři mrtvoly ve sklepě a jiné | Povídka 7: Podivuhodný příběh Karla Straširybky,2025-08,526,Nová vlna
Josef Mach – Tři mrtvoly ve sklepě a jiné | Povídka 7: Podivuhodný příběh Karla Straširybky,2025-09,75,Nová vlna
Josef Mach – Tři mrtvoly ve sklepě a jiné | Povídka 7: Podivuhodný příběh Karla Straširybky,2025-10,9,Nová vlna
Josef Mach – Tři mrtvoly ve sklepě a jiné | Povídka 7: Podivuhodný příběh Karla Straširybky,2025-11,8,Nová vlna
Josef Mach – Tři mrtvoly ve sklepě a jiné | Povídka 7: Podivuhodný příběh Karla Straširybky,2025-12,1,Nová vlna
Josef Mach – Tři mrtvoly ve sklepě a jiné | Povídka 7: Podivuhodný příběh Karla Straširybky,2026-01,1,Nová vlna
Josef Mach – Tři mrtvoly ve sklepě a jiné | Povídka 7: Podivuhodný příběh Karla Straširybky,2026-02,1,Nová vlna
Josef Mach – Tři mrtvoly ve sklepě a jiné | Povídka 7: Podivuhodný příběh Karla Straširybky,2026-03,5,Nová vlna
Josef Mach – Tři mrtvoly ve sklepě a jiné | Povídka 7: Podivuhodný příběh Karla Straširybky,2026-04,1,Nová vlna
Josef Mach – Tři mrtvoly ve sklepě a jiné | Povídka 7: Podivuhodný příběh Karla Straširybky,2026-05,2,Nová vlna
Josef Mach – Tři mrtvoly ve sklepě a jiné | Povídka 7: Podivuhodný příběh Karla Straširybky,2026-06,1,Nová vlna
Josef Mach – Tři mrtvoly ve sklepě a jiné | Povídka 7: Podivuhodný příběh Karla Straširybky,2026-07,3,Nová vlna
Josef Mach – Tři mrtvoly ve sklepě a jiné | Povídka 8: Duch nebožtíka Hroudy,2025-08,176,Nová vlna
Josef Mach – Tři mrtvoly ve sklepě a jiné | Povídka 9: Jak vraždila rakouská byrokracie naše nejl...,2025-08,126,Nová vlna
Já nejsem vichr – Otokar Fischer | Mozaika české poezie: Hlasy a otázky,2026-07,60,Poezie v rytmu
Já nejsem vichr – Otokar Fischer | Mozaika české poezie: Hlasy a otázky,2026-08,7,Poezie v rytmu
"Kafka, poezie a vlastní jazyk  – Alžběta Stančáková:  | Pestrá země",2026-06,197,Pestrá země
"Kafka, poezie a vlastní jazyk  – Alžběta Stančáková:  | Pestrá země",2026-07,37,Pestrá země
"Kafka, poezie a vlastní jazyk  – Alžběta Stančáková:  | Pestrá země",2026-08,17,Pestrá země
Karel Hádek – Čtení o staré Praze | Kapitola 10: Dva starobylé domy malostranské,2025-10,153,Nová vlna
Karel Hádek – Čtení o staré Praze | Kapitola 11: Židovský průvod,2025-10,116,Nová vlna
Karel Hádek – Čtení o staré Praze | Kapitola 12: Pražské písně lidu vojenského,2025-11,94,Nová vlna
Karel Hádek – Čtení o staré Praze | Kapitola 13: O domě vusínském aneb redutním,2025-11,215,Nová vlna
Karel Hádek – Čtení o staré Praze | Kapitola 13: O domě vusínském aneb redutním,2025-12,9,Nová vlna
Karel Hádek – Čtení o staré Praze | Kapitola 13: O domě vusínském aneb redutním,2026-01,11,Nová vlna
Karel Hádek – Čtení o staré Praze | Kapitola 13: O domě vusínském aneb redutním,2026-02,3,Nová vlna
Karel Hádek – Čtení o staré Praze | Kapitola 13: O domě vusínském aneb redutním,2026-03,1,Nová vlna
Karel Hádek – Čtení o staré Praze | Kapitola 13: O domě vusínském aneb redutním,2026-04,2,Nová vlna
Karel Hádek – Čtení o staré Praze | Kapitola 13: O domě vusínském aneb redutním,2026-05,1,Nová vlna
Karel Hádek – Čtení o staré Praze | Kapitola 13: O domě vusínském aneb redutním,2026-07,1,Nová vlna
Karel Hádek – Čtení o staré Praze | Kapitola 14: Papouškové lázně,2025-11,126,Nová vlna
Karel Hádek – Čtení o staré Praze | Kapitola 15: Dopis z roku 1819,2025-11,134,Nová vlna
Karel Hádek – Čtení o staré Praze | Kapitola 15: Dopis z roku 1819,2025-12,45,Nová vlna
Karel Hádek – Čtení o staré Praze | Kapitola 15: Dopis z roku 1819,2026-01,28,Nová vlna
Karel Hádek – Čtení o staré Praze | Kapitola 15: Dopis z roku 1819,2026-02,4,Nová vlna
Karel Hádek – Čtení o staré Praze | Kapitola 15: Dopis z roku 1819,2026-03,1,Nová vlna
Karel Hádek – Čtení o staré Praze | Kapitola 15: Dopis z roku 1819,2026-04,1,Nová vlna
Karel Hádek – Čtení o staré Praze | Kapitola 15: Dopis z roku 1819,2026-05,2,Nová vlna
Karel Hádek – Čtení o staré Praze | Kapitola 15: Dopis z roku 1819,2026-06,1,Nová vlna
Karel Hádek – Čtení o staré Praze | Kapitola 15: Dopis z roku 1819,2026-07,1,Nová vlna
Karel Hádek – Čtení o staré Praze | Kapitola 16: Panna Maria kontra Jiří z Poděbrad,2025-11,17,Nová vlna
Karel Hádek – Čtení o staré Praze | Kapitola 16: Panna Maria kontra Jiří z Poděbrad,2025-12,370,Nová vlna
Karel Hádek – Čtení o staré Praze | Kapitola 16: Panna Maria kontra Jiří z Poděbrad,2026-01,28,Nová vlna
Karel Hádek – Čtení o staré Praze | Kapitola 16: Panna Maria kontra Jiří z Poděbrad,2026-02,6,Nová vlna
Karel Hádek – Čtení o staré Praze | Kapitola 16: Panna Maria kontra Jiří z Poděbrad,2026-03,3,Nová vlna
Karel Hádek – Čtení o staré Praze | Kapitola 16: Panna Maria kontra Jiří z Poděbrad,2026-04,1,Nová vlna
Karel Hádek – Čtení o staré Praze | Kapitola 16: Panna Maria kontra Jiří z Poděbrad,2026-05,2,Nová vlna
Karel Hádek – Čtení o staré Praze | Kapitola 16: Panna Maria kontra Jiří z Poděbrad,2026-06,2,Nová vlna
Karel Hádek – Čtení o staré Praze | Kapitola 16: Panna Maria kontra Jiří z Poděbrad,2026-07,1,Nová vlna
Karel Hádek – Čtení o staré Praze | Kapitola 16: Panna Maria kontra Jiří z Poděbrad,2026-08,1,Nová vlna
Karel Hádek – Čtení o staré Praze | Kapitola 17: Nejkrásnější knihovna světa,2025-12,186,Nová vlna
Karel Hádek – Čtení o staré Praze | Kapitola 17: Nejkrásnější knihovna světa,2026-01,34,Nová vlna
Karel Hádek – Čtení o staré Praze | Kapitola 17: Nejkrásnější knihovna světa,2026-02,10,Nová vlna
Karel Hádek – Čtení o staré Praze | Kapitola 17: Nejkrásnější knihovna světa,2026-03,1,Nová vlna
Karel Hádek – Čtení o staré Praze | Kapitola 17: Nejkrásnější knihovna světa,2026-04,4,Nová vlna
Karel Hádek – Čtení o staré Praze | Kapitola 17: Nejkrásnější knihovna světa,2026-05,2,Nová vlna
Karel Hádek – Čtení o staré Praze | Kapitola 17: Nejkrásnější knihovna světa,2026-06,1,Nová vlna
Karel Hádek – Čtení o staré Praze | Kapitola 17: Nejkrásnější knihovna světa,2026-07,2,Nová vlna
Karel Hádek – Čtení o staré Praze | Kapitola 18: Jak byl obnovován magistrát,2025-12,170,Nová vlna
Karel Hádek – Čtení o staré Praze | Kapitola 19: O nebožce lotynce,2025-12,156,Nová vlna
Karel Hádek – Čtení o staré Praze | Kapitola 1: O kapli Betlémské,2025-09,159,Nová vlna
Karel Hádek – Čtení o staré Praze | Kapitola 1: O kapli Betlémské,2025-10,91,Nová vlna
Karel Hádek – Čtení o staré Praze | Kapitola 1: O kapli Betlémské,2025-11,31,Nová vlna
Karel Hádek – Čtení o staré Praze | Kapitola 1: O kapli Betlémské,2025-12,36,Nová vlna
Karel Hádek – Čtení o staré Praze | Kapitola 1: O kapli Betlémské,2026-01,57,Nová vlna
Karel Hádek – Čtení o staré Praze | Kapitola 1: O kapli Betlémské,2026-02,25,Nová vlna
Karel Hádek – Čtení o staré Praze | Kapitola 1: O kapli Betlémské,2026-03,18,Nová vlna
Karel Hádek – Čtení o staré Praze | Kapitola 1: O kapli Betlémské,2026-04,19,Nová vlna
Karel Hádek – Čtení o staré Praze | Kapitola 1: O kapli Betlémské,2026-05,18,Nová vlna
Karel Hádek – Čtení o staré Praze | Kapitola 1: O kapli Betlémské,2026-06,11,Nová vlna
Karel Hádek – Čtení o staré Praze | Kapitola 1: O kapli Betlémské,2026-07,9,Nová vlna
Karel Hádek – Čtení o staré Praze | Kapitola 1: O kapli Betlémské,2026-08,14,Nová vlna
Karel Hádek – Čtení o staré Praze | Kapitola 20: Vánoce! Vánoce!,2025-12,144,Nová vlna
Karel Hádek – Čtení o staré Praze | Kapitola 21: O městských privilegiích,2026-01,896,Nová vlna
Karel Hádek – Čtení o staré Praze | Kapitola 21: O městských privilegiích,2026-02,18,Nová vlna
Karel Hádek – Čtení o staré Praze | Kapitola 21: O městských privilegiích,2026-03,3,Nová vlna
Karel Hádek – Čtení o staré Praze | Kapitola 21: O městských privilegiích,2026-04,2,Nová vlna
Karel Hádek – Čtení o staré Praze | Kapitola 21: O městských privilegiích,2026-05,3,Nová vlna
Karel Hádek – Čtení o staré Praze | Kapitola 21: O městských privilegiích,2026-06,2,Nová vlna
Karel Hádek – Čtení o staré Praze | Kapitola 21: O městských privilegiích,2026-07,1,Nová vlna
Karel Hádek – Čtení o staré Praze | Kapitola 22: Nejkrásnější hřbitůvek,2026-01,170,Nová vlna
Karel Hádek – Čtení o staré Praze | Kapitola 23: Móda ve středověké Praze,2026-01,194,Nová vlna
Karel Hádek – Čtení o staré Praze | Kapitola 24: O čtyřech oběšencích,2026-01,374,Nová vlna
Karel Hádek – Čtení o staré Praze | Kapitola 24: O čtyřech oběšencích,2026-02,51,Nová vlna
Karel Hádek – Čtení o staré Praze | Kapitola 24: O čtyřech oběšencích,2026-03,7,Nová vlna
Karel Hádek – Čtení o staré Praze | Kapitola 24: O čtyřech oběšencích,2026-04,1,Nová vlna
Karel Hádek – Čtení o staré Praze | Kapitola 24: O čtyřech oběšencích,2026-05,5,Nová vlna
Karel Hádek – Čtení o staré Praze | Kapitola 24: O čtyřech oběšencích,2026-06,1,Nová vlna
Karel Hádek – Čtení o staré Praze | Kapitola 24: O čtyřech oběšencích,2026-07,2,Nová vlna
Karel Hádek – Čtení o staré Praze | Kapitola 25: Život vojenský – život veselý,2026-02,218,Nová vlna
Karel Hádek – Čtení o staré Praze | Kapitola 25: Život vojenský – život veselý,2026-03,4,Nová vlna
Karel Hádek – Čtení o staré Praze | Kapitola 25: Život vojenský – život veselý,2026-05,1,Nová vlna
Karel Hádek – Čtení o staré Praze | Kapitola 25: Život vojenský – život veselý,2026-07,2,Nová vlna
Karel Hádek – Čtení o staré Praze | Kapitola 25: Život vojenský – život veselý,2026-08,2,Nová vlna
Karel Hádek – Čtení o staré Praze | Kapitola 26: Pražská móda empírová,2026-02,174,Nová vlna
Karel Hádek – Čtení o staré Praze | Kapitola 27: Zpěváčkové,2026-02,98,Nová vlna
Karel Hádek – Čtení o staré Praze | Kapitola 28: Jak přijel do Prahy první vlak,2026-02,91,Nová vlna
Karel Hádek – Čtení o staré Praze | Kapitola 29: Blahořečení Jana Nepomuckého,2026-03,84,Nová vlna
Karel Hádek – Čtení o staré Praze | Kapitola 2: Slavnost v Kanálské zahradě,2025-09,253,Nová vlna
Karel Hádek – Čtení o staré Praze | Kapitola 2: Slavnost v Kanálské zahradě,2025-10,46,Nová vlna
Karel Hádek – Čtení o staré Praze | Kapitola 2: Slavnost v Kanálské zahradě,2025-11,10,Nová vlna
Karel Hádek – Čtení o staré Praze | Kapitola 2: Slavnost v Kanálské zahradě,2025-12,21,Nová vlna
Karel Hádek – Čtení o staré Praze | Kapitola 2: Slavnost v Kanálské zahradě,2026-01,20,Nová vlna
Karel Hádek – Čtení o staré Praze | Kapitola 2: Slavnost v Kanálské zahradě,2026-02,5,Nová vlna
Karel Hádek – Čtení o staré Praze | Kapitola 2: Slavnost v Kanálské zahradě,2026-03,11,Nová vlna
Karel Hádek – Čtení o staré Praze | Kapitola 2: Slavnost v Kanálské zahradě,2026-04,6,Nová vlna
Karel Hádek – Čtení o staré Praze | Kapitola 2: Slavnost v Kanálské zahradě,2026-05,4,Nová vlna
Karel Hádek – Čtení o staré Praze | Kapitola 2: Slavnost v Kanálské zahradě,2026-06,1,Nová vlna
Karel Hádek – Čtení o staré Praze | Kapitola 2: Slavnost v Kanálské zahradě,2026-07,2,Nová vlna
Karel Hádek – Čtení o staré Praze | Kapitola 2: Slavnost v Kanálské zahradě,2026-08,2,Nová vlna
Karel Hádek – Čtení o staré Praze | Kapitola 30: Rychtář Vavák vidí korunovaci Leopolda II.,2026-03,89,Nová vlna
Karel Hádek – Čtení o staré Praze | Kapitola 31: O té velké vodě,2026-03,124,Nová vlna
Karel Hádek – Čtení o staré Praze | Kapitola 32: Praha 1855,2026-03,124,Nová vlna
Karel Hádek – Čtení o staré Praze | Kapitola 33: Kocourkovské příběhy,2026-03,117,Nová vlna
Karel Hádek – Čtení o staré Praze | Kapitola 34: Bombardování Prahy Windischgrätzem,2026-04,132,Nová vlna
Karel Hádek – Čtení o staré Praze | Kapitola 35: Zlatá bula ztracena a opět nalezena,2026-04,102,Nová vlna
"Karel Hádek – Čtení o staré Praze | Kapitola 36: Seance, nebo senzace?",2026-04,81,Nová vlna
Karel Hádek – Čtení o staré Praze | Kapitola 37: Pět zajímavých epitafů,2026-04,97,Nová vlna
Karel Hádek – Čtení o staré Praze | Kapitola 38: Staropražan vypravuje,2026-06,60,Nová vlna
Karel Hádek – Čtení o staré Praze | Kapitola 38: Staropražan vypravuje,2026-07,216,Nová vlna
Karel Hádek – Čtení o staré Praze | Kapitola 38: Staropražan vypravuje,2026-08,6,Nová vlna
Karel Hádek – Čtení o staré Praze | Kapitola 3: O tandlmarku,2025-09,217,Nová vlna
Karel Hádek – Čtení o staré Praze | Kapitola 4: Pověsti o Staronové škole,2025-09,75,Nová vlna
Karel Hádek – Čtení o staré Praze | Kapitola 4: Pověsti o Staronové škole,2025-10,83,Nová vlna
Karel Hádek – Čtení o staré Praze | Kapitola 4: Pověsti o Staronové škole,2025-11,13,Nová vlna
Karel Hádek – Čtení o staré Praze | Kapitola 4: Pověsti o Staronové škole,2025-12,17,Nová vlna
Karel Hádek – Čtení o staré Praze | Kapitola 4: Pověsti o Staronové škole,2026-01,20,Nová vlna
Karel Hádek – Čtení o staré Praze | Kapitola 4: Pověsti o Staronové škole,2026-02,7,Nová vlna
Karel Hádek – Čtení o staré Praze | Kapitola 4: Pověsti o Staronové škole,2026-03,4,Nová vlna
Karel Hádek – Čtení o staré Praze | Kapitola 4: Pověsti o Staronové škole,2026-04,2,Nová vlna
Karel Hádek – Čtení o staré Praze | Kapitola 4: Pověsti o Staronové škole,2026-05,3,Nová vlna
Karel Hádek – Čtení o staré Praze | Kapitola 4: Pověsti o Staronové škole,2026-07,3,Nová vlna
Karel Hádek – Čtení o staré Praze | Kapitola 5: Barvířský ostrov,2025-09,174,Nová vlna
Karel Hádek – Čtení o staré Praze | Kapitola 6: Zahrady za Koňskou branou,2025-10,210,Nová vlna
Karel Hádek – Čtení o staré Praze | Kapitola 7: O Valdštejnském paláci,2025-10,177,Nová vlna
Karel Hádek – Čtení o staré Praze | Kapitola 8: Pražské Jezulátko,2025-10,269,Nová vlna
Karel Hádek – Čtení o staré Praze | Kapitola 8: Pražské Jezulátko,2025-11,14,Nová vlna
Karel Hádek – Čtení o staré Praze | Kapitola 8: Pražské Jezulátko,2025-12,7,Nová vlna
Karel Hádek – Čtení o staré Praze | Kapitola 8: Pražské Jezulátko,2026-01,10,Nová vlna
Karel Hádek – Čtení o staré Praze | Kapitola 8: Pražské Jezulátko,2026-02,5,Nová vlna
Karel Hádek – Čtení o staré Praze | Kapitola 8: Pražské Jezulátko,2026-04,4,Nová vlna
Karel Hádek – Čtení o staré Praze | Kapitola 8: Pražské Jezulátko,2026-05,10,Nová vlna
Karel Hádek – Čtení o staré Praze | Kapitola 8: Pražské Jezulátko,2026-06,2,Nová vlna
Karel Hádek – Čtení o staré Praze | Kapitola 8: Pražské Jezulátko,2026-07,1,Nová vlna
Karel Hádek – Čtení o staré Praze | Kapitola 9: Paladium země České,2025-10,136,Nová vlna
Karel Poláček – Čtrnáct dní na vojně | Část 1.,2025-08,108,Nová vlna
Karel Poláček – Čtrnáct dní na vojně | Část 1.,2025-09,255,Nová vlna
Karel Poláček – Čtrnáct dní na vojně | Část 1.,2025-10,31,Nová vlna
Karel Poláček – Čtrnáct dní na vojně | Část 1.,2025-11,29,Nová vlna
Karel Poláček – Čtrnáct dní na vojně | Část 1.,2025-12,28,Nová vlna
Karel Poláček – Čtrnáct dní na vojně | Část 1.,2026-01,34,Nová vlna
Karel Poláček – Čtrnáct dní na vojně | Část 1.,2026-02,15,Nová vlna
Karel Poláček – Čtrnáct dní na vojně | Část 1.,2026-03,23,Nová vlna
Karel Poláček – Čtrnáct dní na vojně | Část 1.,2026-04,10,Nová vlna
Karel Poláček – Čtrnáct dní na vojně | Část 1.,2026-05,9,Nová vlna
Karel Poláček – Čtrnáct dní na vojně | Část 1.,2026-06,7,Nová vlna
Karel Poláček – Čtrnáct dní na vojně | Část 1.,2026-07,9,Nová vlna
Karel Poláček – Čtrnáct dní na vojně | Část 1.,2026-08,3,Nová vlna
Karel Poláček – Čtrnáct dní na vojně | Část 2.,2025-09,320,Nová vlna
Karel Poláček – Čtrnáct dní na vojně | Část 2.,2025-10,15,Nová vlna
Karel Poláček – Čtrnáct dní na vojně | Část 2.,2025-11,10,Nová vlna
Karel Poláček – Čtrnáct dní na vojně | Část 2.,2025-12,19,Nová vlna
Karel Poláček – Čtrnáct dní na vojně | Část 2.,2026-01,7,Nová vlna
Karel Poláček – Čtrnáct dní na vojně | Část 2.,2026-02,6,Nová vlna
Karel Poláček – Čtrnáct dní na vojně | Část 2.,2026-03,9,Nová vlna
Karel Poláček – Čtrnáct dní na vojně | Část 2.,2026-04,4,Nová vlna
Karel Poláček – Čtrnáct dní na vojně | Část 2.,2026-06,3,Nová vlna
Karel Poláček – Čtrnáct dní na vojně | Část 2.,2026-07,4,Nová vlna
Karel Poláček – Čtrnáct dní na vojně | Část 3.,2025-09,214,Nová vlna
Karel Poláček – Čtrnáct dní na vojně | Část 3.,2025-10,11,Nová vlna
Karel Poláček – Čtrnáct dní na vojně | Část 3.,2025-11,14,Nová vlna
Karel Poláček – Čtrnáct dní na vojně | Část 3.,2025-12,13,Nová vlna
Karel Poláček – Čtrnáct dní na vojně | Část 3.,2026-01,11,Nová vlna
Karel Poláček – Čtrnáct dní na vojně | Část 3.,2026-02,4,Nová vlna
Karel Poláček – Čtrnáct dní na vojně | Část 3.,2026-03,5,Nová vlna
Karel Poláček – Čtrnáct dní na vojně | Část 3.,2026-04,4,Nová vlna
Karel Poláček – Čtrnáct dní na vojně | Část 3.,2026-05,2,Nová vlna
Karel Poláček – Čtrnáct dní na vojně | Část 3.,2026-06,5,Nová vlna
Karel Poláček – Čtrnáct dní na vojně | Část 3.,2026-07,2,Nová vlna
Karel Poláček – Čtrnáct dní na vojně | Část 4.,2025-09,179,Nová vlna
Karel Poláček – Čtrnáct dní na vojně | Část 4.,2025-10,13,Nová vlna
Karel Poláček – Čtrnáct dní na vojně | Část 4.,2025-11,9,Nová vlna
Karel Poláček – Čtrnáct dní na vojně | Část 4.,2025-12,6,Nová vlna
Karel Poláček – Čtrnáct dní na vojně | Část 4.,2026-01,6,Nová vlna
Karel Poláček – Čtrnáct dní na vojně | Část 4.,2026-02,6,Nová vlna
Karel Poláček – Čtrnáct dní na vojně | Část 4.,2026-03,3,Nová vlna
Karel Poláček – Čtrnáct dní na vojně | Část 4.,2026-04,3,Nová vlna
Karel Poláček – Čtrnáct dní na vojně | Část 4.,2026-05,2,Nová vlna
Karel Poláček – Čtrnáct dní na vojně | Část 4.,2026-06,3,Nová vlna
Komiksové studio #1 s Guyem Delislem,2026-01,459,Komiksové studio
Komiksové studio #1 s Guyem Delislem,2026-02,114,Komiksové studio
Komiksové studio #1 s Guyem Delislem,2026-03,66,Komiksové studio
Komiksové studio #1 s Guyem Delislem,2026-04,27,Komiksové studio
Komiksové studio #1 s Guyem Delislem,2026-05,16,Komiksové studio
Komiksové studio #1 s Guyem Delislem,2026-06,13,Komiksové studio
Komiksové studio #1 s Guyem Delislem,2026-07,9,Komiksové studio
Komiksové studio #1 s Guyem Delislem,2026-08,5,Komiksové studio
Komiksové studio #2  se Štěpánkou Jislovou,2026-03,378,Komiksové studio
Komiksové studio #2  se Štěpánkou Jislovou,2026-04,74,Komiksové studio
Komiksové studio #2  se Štěpánkou Jislovou,2026-05,35,Komiksové studio
Komiksové studio #2  se Štěpánkou Jislovou,2026-06,29,Komiksové studio
Komiksové studio #2  se Štěpánkou Jislovou,2026-07,14,Komiksové studio
Komiksové studio #2  se Štěpánkou Jislovou,2026-08,28,Komiksové studio
Komiksové studio #3 s Branko Jelinkem,2026-04,126,Komiksové studio
Komiksové studio #3 s Branko Jelinkem,2026-05,189,Komiksové studio
Komiksové studio #3 s Branko Jelinkem,2026-06,24,Komiksové studio
Komiksové studio #3 s Branko Jelinkem,2026-07,11,Komiksové studio
Komiksové studio #3 s Branko Jelinkem,2026-08,13,Komiksové studio
Kouzelný stůl 1. díl | Restaurování barokní kuchyně Bellarie,2026-03,377,Kouzelný stůl
Kouzelný stůl 1. díl | Restaurování barokní kuchyně Bellarie,2026-04,73,Kouzelný stůl
Kouzelný stůl 1. díl | Restaurování barokní kuchyně Bellarie,2026-05,28,Kouzelný stůl
Kouzelný stůl 1. díl | Restaurování barokní kuchyně Bellarie,2026-06,13,Kouzelný stůl
Kouzelný stůl 1. díl | Restaurování barokní kuchyně Bellarie,2026-07,22,Kouzelný stůl
Kouzelný stůl 1. díl | Restaurování barokní kuchyně Bellarie,2026-08,28,Kouzelný stůl
Kouzelný stůl 2. díl | Experimenty v barokní kuchyni,2026-03,801,Kouzelný stůl
Kouzelný stůl 2. díl | Experimenty v barokní kuchyni,2026-04,56,Kouzelný stůl
Kouzelný stůl 2. díl | Experimenty v barokní kuchyni,2026-05,42,Kouzelný stůl
Kouzelný stůl 2. díl | Experimenty v barokní kuchyni,2026-06,11,Kouzelný stůl
Kouzelný stůl 2. díl | Experimenty v barokní kuchyni,2026-07,14,Kouzelný stůl
Kouzelný stůl 2. díl | Experimenty v barokní kuchyni,2026-08,8,Kouzelný stůl
Kouzelný stůl 3. díl | Conrad Hagger ornamentální paštiky a dekorativní marcipán,2026-03,197,Kouzelný stůl
Kouzelný stůl 3. díl | Conrad Hagger ornamentální paštiky a dekorativní marcipán,2026-04,27,Kouzelný stůl
Kouzelný stůl 3. díl | Conrad Hagger ornamentální paštiky a dekorativní marcipán,2026-05,22,Kouzelný stůl
Kouzelný stůl 3. díl | Conrad Hagger ornamentální paštiky a dekorativní marcipán,2026-06,5,Kouzelný stůl
Kouzelný stůl 3. díl | Conrad Hagger ornamentální paštiky a dekorativní marcipán,2026-07,4,Kouzelný stůl
Kouzelný stůl 3. díl | Conrad Hagger ornamentální paštiky a dekorativní marcipán,2026-08,6,Kouzelný stůl
Kouzelný stůl 4. díl | Znovuzrození kouzelného stolu – jak jsme oživili barokní mechanismus,2026-04,192,Kouzelný stůl
Kouzelný stůl 4. díl | Znovuzrození kouzelného stolu – jak jsme oživili barokní mechanismus,2026-05,30,Kouzelný stůl
Kouzelný stůl 4. díl | Znovuzrození kouzelného stolu – jak jsme oživili barokní mechanismus,2026-06,4,Kouzelný stůl
Kouzelný stůl 4. díl | Znovuzrození kouzelného stolu – jak jsme oživili barokní mechanismus,2026-07,7,Kouzelný stůl
Kouzelný stůl 4. díl | Znovuzrození kouzelného stolu – jak jsme oživili barokní mechanismus,2026-08,13,Kouzelný stůl
Lesní studánka – Josef Václav Sládek | Mozaika české poezie: Příběhy a obrazy,2026-03,212,Poezie v rytmu
Lesní studánka – Josef Václav Sládek | Mozaika české poezie: Příběhy a obrazy,2026-04,138,Poezie v rytmu
Lesní studánka – Josef Václav Sládek | Mozaika české poezie: Příběhy a obrazy,2026-05,284,Poezie v rytmu
Lesní studánka – Josef Václav Sládek | Mozaika české poezie: Příběhy a obrazy,2026-06,263,Poezie v rytmu
Lesní studánka – Josef Václav Sládek | Mozaika české poezie: Příběhy a obrazy,2026-07,75,Poezie v rytmu
Lesní studánka – Josef Václav Sládek | Mozaika české poezie: Příběhy a obrazy,2026-08,102,Poezie v rytmu
"Literatura, jazyky a cestování – Miroslav Černý | Pestrá země",2025-10,237,Pestrá země
"Literatura, jazyky a cestování – Miroslav Černý | Pestrá země",2025-11,21,Pestrá země
"Literatura, jazyky a cestování – Miroslav Černý | Pestrá země",2025-12,11,Pestrá země
"Literatura, jazyky a cestování – Miroslav Černý | Pestrá země",2026-01,9,Pestrá země
"Literatura, jazyky a cestování – Miroslav Černý | Pestrá země",2026-02,8,Pestrá země
"Literatura, jazyky a cestování – Miroslav Černý | Pestrá země",2026-03,9,Pestrá země
"Literatura, jazyky a cestování – Miroslav Černý | Pestrá země",2026-04,3,Pestrá země
"Literatura, jazyky a cestování – Miroslav Černý | Pestrá země",2026-05,5,Pestrá země
"Literatura, jazyky a cestování – Miroslav Černý | Pestrá země",2026-06,3,Pestrá země
"Literatura, jazyky a cestování – Miroslav Černý | Pestrá země",2026-07,2,Pestrá země
"Literatura, jazyky a cestování – Miroslav Černý | Pestrá země",2026-08,1,Pestrá země
Literární rezidence a alternativní scéna – Hana Lundiaková | Pestrá země,2025-12,143,Pestrá země
Lucifer – Jiří Karásek ze Lvovic | Mozaika české poezie: Hlasy a otázky,2026-06,102,Poezie v rytmu
MLP HUB: Virtuální knihovna v Praze ve VRChat,2025-09,186,Virtuální realita
Mariánská listování  s Dušanem Neumannem - 11. díl,2026-02,200,Mariánská listování
Mariánská listování s Ester Pavlů - 15. díl,2026-06,146,Mariánská listování
Mariánská listování s Evou Chodějovskou - 4.díl,2025-08,105,Mariánská listování
Mariánská listování s Helenou Koenigsmarkovou - 12. díl,2026-03,94,Mariánská listování
Mariánská listování s Helenou Koutnou - 2. díl,2025-06,76,Mariánská listování
Mariánská listování s Helenou Koutnou - 2. díl,2025-07,223,Mariánská listování
Mariánská listování s Helenou Koutnou - 2. díl,2025-08,37,Mariánská listování
Mariánská listování s Helenou Koutnou - 2. díl,2025-09,5,Mariánská listování
Mariánská listování s Helenou Koutnou - 2. díl,2025-10,6,Mariánská listování
Mariánská listování s Helenou Koutnou - 2. díl,2025-11,3,Mariánská listování
Mariánská listování s Helenou Koutnou - 2. díl,2025-12,2,Mariánská listování
Mariánská listování s Helenou Koutnou - 2. díl,2026-01,5,Mariánská listování
Mariánská listování s Helenou Koutnou - 2. díl,2026-02,5,Mariánská listování
Mariánská listování s Helenou Koutnou - 2. díl,2026-03,8,Mariánská listování
Mariánská listování s Helenou Koutnou - 2. díl,2026-05,4,Mariánská listování
Mariánská listování s Helenou Koutnou - 2. díl,2026-06,2,Mariánská listování
Mariánská listování s Helenou Koutnou - 2. díl,2026-07,12,Mariánská listování
Mariánská listování s Helenou Koutnou - 2. díl,2026-08,3,Mariánská listování
Mariánská listování s Ivanem Pušem - 13.díl,2026-04,151,Mariánská listování
Mariánská listování s Ivanou Bozděchovou - 3.díl,2025-07,155,Mariánská listování
Mariánská listování s Ivanou Bozděchovou - 3.díl,2025-08,118,Mariánská listování
Mariánská listování s Ivanou Bozděchovou - 3.díl,2025-09,14,Mariánská listování
Mariánská listování s Ivanou Bozděchovou - 3.díl,2025-10,13,Mariánská listování
Mariánská listování s Ivanou Bozděchovou - 3.díl,2025-11,4,Mariánská listování
Mariánská listování s Ivanou Bozděchovou - 3.díl,2025-12,1,Mariánská listování
Mariánská listování s Ivanou Bozděchovou - 3.díl,2026-01,1,Mariánská listování
Mariánská listování s Ivanou Bozděchovou - 3.díl,2026-03,6,Mariánská listování
Mariánská listování s Ivanou Bozděchovou - 3.díl,2026-04,6,Mariánská listování
Mariánská listování s Ivanou Bozděchovou - 3.díl,2026-05,1,Mariánská listování
Mariánská listování s Ivanou Bozděchovou - 3.díl,2026-06,2,Mariánská listování
Mariánská listování s Ivanou Bozděchovou - 3.díl,2026-07,4,Mariánská listování
Mariánská listování s Ivanou Bozděchovou - 3.díl,2026-08,2,Mariánská listování
Mariánská listování s Janem Smigmatorem - 7. díl,2025-09,123,Mariánská listování
Mariánská listování s Michalem Brožou - 10. díl,2026-01,141,Mariánská listování
Mariánská listování s Pavlem Suchanem - 8. díl,2025-10,175,Mariánská listování
Mariánská listování s Robertem Mikolášem 17. díl,2026-08,45,
Mariánská listování s Rudym Linkou - 6. díl,2025-09,143,Mariánská listování
Mariánská listování s Rudym Linkou - 6. díl,2025-10,23,Mariánská listování
Mariánská listování s Rudym Linkou - 6. díl,2025-11,10,Mariánská listování
Mariánská listování s Rudym Linkou - 6. díl,2025-12,3,Mariánská listování
Mariánská listování s Rudym Linkou - 6. díl,2026-01,15,Mariánská listování
Mariánská listování s Rudym Linkou - 6. díl,2026-02,3,Mariánská listování
Mariánská listování s Rudym Linkou - 6. díl,2026-03,6,Mariánská listování
Mariánská listování s Rudym Linkou - 6. díl,2026-04,12,Mariánská listování
Mariánská listování s Rudym Linkou - 6. díl,2026-05,4,Mariánská listování
Mariánská listování s Rudym Linkou - 6. díl,2026-06,5,Mariánská listování
Mariánská listování s Rudym Linkou - 6. díl,2026-07,7,Mariánská listování
Mariánská listování s Rudym Linkou - 6. díl,2026-08,7,Mariánská listování
Mariánská listování s manželi Tichotovými - 9. díl,2025-12,377,Mariánská listování
Mariánská listování s manželi Tichotovými - 9. díl,2026-01,30,Mariánská listování
Mariánská listování s manželi Tichotovými - 9. díl,2026-02,6,Mariánská listování
Mariánská listování s manželi Tichotovými - 9. díl,2026-03,20,Mariánská listování
Mariánská listování s manželi Tichotovými - 9. díl,2026-04,16,Mariánská listování
Mariánská listování s manželi Tichotovými - 9. díl,2026-05,18,Mariánská listování
Mariánská listování s manželi Tichotovými - 9. díl,2026-06,16,Mariánská listování
Mariánská listování s manželi Tichotovými - 9. díl,2026-07,33,Mariánská listování
Mariánská listování s manželi Tichotovými - 9. díl,2026-08,70,Mariánská listování
Mariánská listování se Zdeňkem Juráskem 16. díl,2026-06,159,
Mariánská listování se Zdeňkem Pokludou - 14. díl,2026-05,129,Mariánská listování
Mariánská listování: Česká škola v Chicagu - 5. díl,2025-09,100,Mariánská listování
Mariánská listování: Česká škola v Chicagu - 5. díl,2025-10,97,Mariánská listování
Mariánská listování: Česká škola v Chicagu - 5. díl,2025-11,2,Mariánská listování
Mariánská listování: Česká škola v Chicagu - 5. díl,2025-12,4,Mariánská listování
Mariánská listování: Česká škola v Chicagu - 5. díl,2026-01,3,Mariánská listování
Mariánská listování: Česká škola v Chicagu - 5. díl,2026-02,4,Mariánská listování
Mariánská listování: Česká škola v Chicagu - 5. díl,2026-03,3,Mariánská listování
Mariánská listování: Česká škola v Chicagu - 5. díl,2026-04,2,Mariánská listování
Mariánská listování: Česká škola v Chicagu - 5. díl,2026-05,4,Mariánská listování
Mariánská listování: Česká škola v Chicagu - 5. díl,2026-06,3,Mariánská listování
Mariánská listování: Česká škola v Chicagu - 5. díl,2026-07,10,Mariánská listování
Mariánská listování: Česká škola v Chicagu - 5. díl,2026-08,1,Mariánská listování
"Mouchy, Maribor a fotbalové metafory – Dora Kaprálová | Pestrá země",2026-04,128,Pestrá země
"Mouchy, Maribor a fotbalové metafory – Dora Kaprálová | Pestrá země",2026-05,53,Pestrá země
"Mouchy, Maribor a fotbalové metafory – Dora Kaprálová | Pestrá země",2026-06,45,Pestrá země
"Mouchy, Maribor a fotbalové metafory – Dora Kaprálová | Pestrá země",2026-07,30,Pestrá země
"Mouchy, Maribor a fotbalové metafory – Dora Kaprálová | Pestrá země",2026-08,8,Pestrá země
Nacistická propaganda v ČSR,2025-12,98,Historie mezi řádky
Podivnější než fikce – Vendula Kreplová | Z-ai-mavý zločin,2026-06,52,Nová vlna
Podivnější než fikce – Vendula Kreplová | Z-ai-mavý zločin,2026-07,3,Nová vlna
Podivnější než fikce – Vendula Kreplová | Z-ai-mavý zločin,2026-08,3,Nová vlna
Poslední svobodné volby,2025-12,72,Historie mezi řádky
Poutník – Otakar Theer | Mozaika české poezie: Hlasy a otázky,2026-06,92,Poezie v rytmu
Poštovní schránka – Jiří Wolker | Mozaika české poezie: Příběhy a obrazy,2026-03,155,Poezie v rytmu
Poštovní schránka – Jiří Wolker | Mozaika české poezie: Příběhy a obrazy,2026-04,98,Poezie v rytmu
Poštovní schránka – Jiří Wolker | Mozaika české poezie: Příběhy a obrazy,2026-05,103,Poezie v rytmu
Poštovní schránka – Jiří Wolker | Mozaika české poezie: Příběhy a obrazy,2026-06,73,Poezie v rytmu
Poštovní schránka – Jiří Wolker | Mozaika české poezie: Příběhy a obrazy,2026-07,58,Poezie v rytmu
Poštovní schránka – Jiří Wolker | Mozaika české poezie: Příběhy a obrazy,2026-08,53,Poezie v rytmu
Práce – Josef Hora | Mozaika české poezie: Příběhy a obrazy,2026-04,124,Poezie v rytmu
Pršelo v noci – Karel Hlaváček | Mozaika české poezie: Hlasy a otázky,2026-04,152,Poezie v rytmu
Přiznání algoritmu – Michaela Liegertová | Z-ai-mavý spisovatel,2026-02,75,Nová vlna
Rehabilitace ve virtuální realitě,2025-11,123,Virtuální realita
Rizikové povolání – Tereza Kovanicová | Z-ai-mavý zločin,2026-06,48,Nová vlna
Rizikové povolání – Tereza Kovanicová | Z-ai-mavý zločin,2026-07,1,Nová vlna
Rizikové povolání – Tereza Kovanicová | Z-ai-mavý zločin,2026-08,1,Nová vlna
Ruce – Otokar Březina | Mozaika české poezie: Hlasy a otázky,2026-03,143,Poezie v rytmu
Samostatná Ukrajina,2025-12,89,Historie mezi řádky
Smyčka osudu – Michaela Liegertová | Z-ai-mavý zločin,2026-06,42,Nová vlna
Smyčka osudu – Michaela Liegertová | Z-ai-mavý zločin,2026-07,6,Nová vlna
Smyčka osudu – Michaela Liegertová | Z-ai-mavý zločin,2026-08,1,Nová vlna
Soumrak u moře – Viktor Dyk | Mozaika české poezie: Hlasy a otázky,2026-06,156,Poezie v rytmu
Splav – Fráňa Šrámek | Mozaika české poezie: Příběhy a obrazy,2026-03,139,Poezie v rytmu
Splav – Fráňa Šrámek | Mozaika české poezie: Příběhy a obrazy,2026-04,131,Poezie v rytmu
Splav – Fráňa Šrámek | Mozaika české poezie: Příběhy a obrazy,2026-05,119,Poezie v rytmu
Splav – Fráňa Šrámek | Mozaika české poezie: Příběhy a obrazy,2026-06,57,Poezie v rytmu
Splav – Fráňa Šrámek | Mozaika české poezie: Příběhy a obrazy,2026-07,38,Poezie v rytmu
Splav – Fráňa Šrámek | Mozaika české poezie: Příběhy a obrazy,2026-08,42,Poezie v rytmu
Staré pověsti pražské – Adolf Wening | Povídka 10: O Platýze,2026-07,60,Nová vlna
Staré pověsti pražské – Adolf Wening | Povídka 10: O Platýze,2026-08,9,Nová vlna
Staré pověsti pražské – Adolf Wening | Povídka 11: O domě U Křížku,2026-07,157,Nová vlna
Staré pověsti pražské – Adolf Wening | Povídka 12: O domě U Betenglů,2026-07,61,Nová vlna
Staré pověsti pražské – Adolf Wening | Povídka 12: O domě U Betenglů,2026-08,11,Nová vlna
Staré pověsti pražské – Adolf Wening | Povídka 13: O domě U Tří divých,2026-07,25,Nová vlna
Staré pověsti pražské – Adolf Wening | Povídka 13: O domě U Tří divých,2026-08,9,Nová vlna
Staré pověsti pražské – Adolf Wening | Povídka 14: O kapli svatého Kříže,2026-07,82,Nová vlna
Staré pověsti pražské – Adolf Wening | Povídka 15: O klášteře sv. Anny,2026-07,44,Nová vlna
Staré pověsti pražské – Adolf Wening | Povídka 15: O klášteře sv. Anny,2026-08,14,Nová vlna
Staré pověsti pražské – Adolf Wening | Povídka 16: O zjevení templáře v Liliové ulici,2026-07,41,Nová vlna
Staré pověsti pražské – Adolf Wening | Povídka 16: O zjevení templáře v Liliové ulici,2026-08,17,Nová vlna
Staré pověsti pražské – Adolf Wening | Povídka 17: O staroměstských mlýnech,2026-07,14,Nová vlna
Staré pověsti pražské – Adolf Wening | Povídka 17: O staroměstských mlýnech,2026-08,21,Nová vlna
Staré pověsti pražské – Adolf Wening | Povídka 18: O Králově lázni,2026-07,62,Nová vlna
Staré pověsti pražské – Adolf Wening | Povídka 19: O Karlově mostě,2026-08,44,
Staré pověsti pražské – Adolf Wening | Povídka 1: O Staroměstském náměstí,2026-07,77,Nová vlna
Staré pověsti pražské – Adolf Wening | Povídka 20: O domě U Železného muže,2026-08,51,
Staré pověsti pražské – Adolf Wening | Povídka 21: O Klementinu,2026-08,41,
Staré pověsti pražské – Adolf Wening | Povídka 22: O paláci Clam-Gallasovském,2026-08,59,
Staré pověsti pražské – Adolf Wening | Povídka 23: O domě U Zlaté hlavy,2026-08,61,
Staré pověsti pražské – Adolf Wening | Povídka 24: O „staré koleji“,2026-08,58,
Staré pověsti pražské – Adolf Wening | Povídka 25: O zázračném doktorovi,2026-08,56,
Staré pověsti pražské – Adolf Wening | Povídka 26: Založení Nového Města,2026-08,57,
Staré pověsti pražské – Adolf Wening | Povídka 27: O Nekázance,2026-08,44,
Staré pověsti pražské – Adolf Wening | Povídka 29: O Faustově domě,2026-08,53,
Staré pověsti pražské – Adolf Wening | Povídka 2: O staroměstském orloji,2026-07,55,Nová vlna
Staré pověsti pražské – Adolf Wening | Povídka 2: O staroměstském orloji,2026-08,9,Nová vlna
Staré pověsti pražské – Adolf Wening | Povídka 30: O klášteře Emauzském,2026-08,36,
Staré pověsti pražské – Adolf Wening | Povídka 31: O kříži pod Emauzy,2026-08,57,
Staré pověsti pražské – Adolf Wening | Povídka 3: O chrámě Týnském,2026-07,68,Nová vlna
Staré pověsti pražské – Adolf Wening | Povídka 3: O chrámě Týnském,2026-08,5,Nová vlna
Staré pověsti pražské – Adolf Wening | Povídka 4: O paláci Kinských,2026-07,61,Nová vlna
Staré pověsti pražské – Adolf Wening | Povídka 4: O paláci Kinských,2026-08,4,Nová vlna
Staré pověsti pražské – Adolf Wening | Povídka 5: O kostele svatojakubském,2026-07,85,Nová vlna
Staré pověsti pražské – Adolf Wening | Povídka 6: O řeznících staroměstských,2026-07,61,Nová vlna
Staré pověsti pražské – Adolf Wening | Povídka 6: O řeznících staroměstských,2026-08,7,Nová vlna
Staré pověsti pražské – Adolf Wening | Povídka 7: O domě U Hrubého muže,2026-07,21,Nová vlna
Staré pověsti pražské – Adolf Wening | Povídka 7: O domě U Hrubého muže,2026-08,5,Nová vlna
Staré pověsti pražské – Adolf Wening | Povídka 8: O Karolinu,2026-07,63,Nová vlna
Staré pověsti pražské – Adolf Wening | Povídka 8: O Karolinu,2026-08,11,Nová vlna
Staré pověsti pražské – Adolf Wening | Povídka 9: O kotcích,2026-07,52,Nová vlna
Staré pověsti pražské – Adolf Wening | Povídka 9: O kotcích,2026-08,10,Nová vlna
Svou violu jsem naladil co možno nejhlouběji – Karel Hlaváček | Mozaika české poezie: Hlasy a otázky,2026-03,106,Poezie v rytmu
Svou violu jsem naladil co možno nejhlouběji – Karel Hlaváček | Mozaika české poezie: Hlasy a otázky,2026-04,32,Poezie v rytmu
Svou violu jsem naladil co možno nejhlouběji – Karel Hlaváček | Mozaika české poezie: Hlasy a otázky,2026-05,104,Poezie v rytmu
Svou violu jsem naladil co možno nejhlouběji – Karel Hlaváček | Mozaika české poezie: Hlasy a otázky,2026-06,49,Poezie v rytmu
Svou violu jsem naladil co možno nejhlouběji – Karel Hlaváček | Mozaika české poezie: Hlasy a otázky,2026-07,26,Poezie v rytmu
Svou violu jsem naladil co možno nejhlouběji – Karel Hlaváček | Mozaika české poezie: Hlasy a otázky,2026-08,31,Poezie v rytmu
Temná druhá republika,2025-12,13,Historie mezi řádky
Temná druhá republika,2026-01,18,Historie mezi řádky
Temná druhá republika,2026-02,6,Historie mezi řádky
Temná druhá republika,2026-03,7,Historie mezi řádky
Temná druhá republika,2026-04,4,Historie mezi řádky
Temná druhá republika,2026-05,5,Historie mezi řádky
Temná druhá republika,2026-06,5,Historie mezi řádky
Temná druhá republika,2026-07,6,Historie mezi řádky
Temná druhá republika,2026-08,5,Historie mezi řádky
Toman a lesní panna – František Ladislav Čelakovský | Mozaika české poezie: Příběhy a obrazy,2026-06,158,Poezie v rytmu
Toman a lesní panna – František Ladislav Čelakovský | Mozaika české poezie: Příběhy a obrazy,2026-07,60,Poezie v rytmu
Toman a lesní panna – František Ladislav Čelakovský | Mozaika české poezie: Příběhy a obrazy,2026-08,66,Poezie v rytmu
"Tomáš Řehák: Mise knihovny je stále stejná, mění se jen nástroje, které jsou k dispozici",2026-08,378,
Tomáš Řehák: První týdny v čele knihovny,2026-08,251,
V pravěkém světě – Arnošt Caha | Kapitola 10: Objevuje se dvounožec,2026-06,20,Nová vlna
V pravěkém světě – Arnošt Caha | Kapitola 10: Objevuje se dvounožec,2026-07,20,Nová vlna
V pravěkém světě – Arnošt Caha | Kapitola 10: Objevuje se dvounožec,2026-08,12,Nová vlna
V pravěkém světě – Arnošt Caha | Kapitola 11: První lidé,2026-07,24,Nová vlna
V pravěkém světě – Arnošt Caha | Kapitola 12: Chlupatí kamarádi,2026-07,31,Nová vlna
V pravěkém světě – Arnošt Caha | Kapitola 13: Pravěcí gladiátoři,2026-07,27,Nová vlna
V pravěkém světě – Arnošt Caha | Kapitola 14: Lov na mamuta,2026-07,102,Nová vlna
V pravěkém světě – Arnošt Caha | Kapitola 15: V pravěké obrazárně,2026-07,36,Nová vlna
V pravěkém světě – Arnošt Caha | Kapitola 15: V pravěké obrazárně,2026-08,1,Nová vlna
V pravěkém světě – Arnošt Caha | Kapitola 16: Hrůzy bílé smrti,2026-07,25,Nová vlna
V pravěkém světě – Arnošt Caha | Kapitola 16: Hrůzy bílé smrti,2026-08,2,Nová vlna
V pravěkém světě – Arnošt Caha | Kapitola 17: V nákolní osadě,2026-07,15,Nová vlna
V pravěkém světě – Arnošt Caha | Kapitola 17: V nákolní osadě,2026-08,3,Nová vlna
V pravěkém světě – Arnošt Caha | Kapitola 18: Na hranici,2026-07,19,Nová vlna
V pravěkém světě – Arnošt Caha | Kapitola 18: Na hranici,2026-08,3,Nová vlna
"V pravěkém světě – Arnošt Caha | Kapitola 19: Sbohem, pravěký světe",2026-07,15,Nová vlna
"V pravěkém světě – Arnošt Caha | Kapitola 19: Sbohem, pravěký světe",2026-08,6,Nová vlna
V pravěkém světě – Arnošt Caha | Kapitola 1: Cestou k jeskyni,2026-05,121,Nová vlna
V pravěkém světě – Arnošt Caha | Kapitola 20: Zpátky u maminky,2026-07,27,Nová vlna
V pravěkém světě – Arnošt Caha | Kapitola 20: Zpátky u maminky,2026-08,9,Nová vlna
V pravěkém světě – Arnošt Caha | Kapitola 2: Na pravěkém hřbitově,2026-05,9,Nová vlna
V pravěkém světě – Arnošt Caha | Kapitola 2: Na pravěkém hřbitově,2026-06,35,Nová vlna
V pravěkém světě – Arnošt Caha | Kapitola 2: Na pravěkém hřbitově,2026-07,7,Nová vlna
V pravěkém světě – Arnošt Caha | Kapitola 3: V pohádkovém světě,2026-05,14,Nová vlna
V pravěkém světě – Arnošt Caha | Kapitola 3: V pohádkovém světě,2026-06,41,Nová vlna
V pravěkém světě – Arnošt Caha | Kapitola 3: V pohádkovém světě,2026-07,2,Nová vlna
V pravěkém světě – Arnošt Caha | Kapitola 3: V pohádkovém světě,2026-08,2,Nová vlna
V pravěkém světě – Arnošt Caha | Kapitola 4: Pohřbeni zaživa,2026-05,12,Nová vlna
V pravěkém světě – Arnošt Caha | Kapitola 4: Pohřbeni zaživa,2026-06,26,Nová vlna
V pravěkém světě – Arnošt Caha | Kapitola 4: Pohřbeni zaživa,2026-07,2,Nová vlna
V pravěkém světě – Arnošt Caha | Kapitola 5: Na prahu pravěkého světa,2026-06,94,Nová vlna
V pravěkém světě – Arnošt Caha | Kapitola 6: V devonu,2026-06,78,Nová vlna
V pravěkém světě – Arnošt Caha | Kapitola 7: Ve světě karbonu,2026-06,110,Nová vlna
V pravěkém světě – Arnošt Caha | Kapitola 8: Ve světě draků a příšer,2026-06,16,Nová vlna
V pravěkém světě – Arnošt Caha | Kapitola 8: Ve světě draků a příšer,2026-07,14,Nová vlna
V pravěkém světě – Arnošt Caha | Kapitola 8: Ve světě draků a příšer,2026-08,1,Nová vlna
V pravěkém světě – Arnošt Caha | Kapitola 9: Obludy ještě nezmizely,2026-06,19,Nová vlna
V pravěkém světě – Arnošt Caha | Kapitola 9: Obludy ještě nezmizely,2026-07,11,Nová vlna
VR Quide me - objevte historii Prahy od minulosti až po součastnost I 12. díl,2026-05,107,Virtuální realita
Virtuální město: trénink paměti a kognitivních funkcí pro seniory,2025-10,88,Virtuální realita
Virtuální město: trénink paměti a kognitivních funkcí pro seniory,2025-11,50,Virtuální realita
Virtuální město: trénink paměti a kognitivních funkcí pro seniory,2025-12,25,Virtuální realita
Virtuální město: trénink paměti a kognitivních funkcí pro seniory,2026-01,4,Virtuální realita
Virtuální město: trénink paměti a kognitivních funkcí pro seniory,2026-02,8,Virtuální realita
Virtuální město: trénink paměti a kognitivních funkcí pro seniory,2026-03,12,Virtuální realita
Virtuální město: trénink paměti a kognitivních funkcí pro seniory,2026-04,7,Virtuální realita
Virtuální město: trénink paměti a kognitivních funkcí pro seniory,2026-05,4,Virtuální realita
Virtuální město: trénink paměti a kognitivních funkcí pro seniory,2026-06,10,Virtuální realita
Virtuální město: trénink paměti a kognitivních funkcí pro seniory,2026-07,3,Virtuální realita
Virtuální město: trénink paměti a kognitivních funkcí pro seniory,2026-08,12,Virtuální realita
Virtuální realita a prevence kriminality – Missing 10 Hours,2025-07,93,Virtuální realita
Virtuální realita a prevence kriminality – Missing 10 Hours,2025-08,73,Virtuální realita
Virtuální realita a prevence kriminality – Missing 10 Hours,2025-09,28,Virtuální realita
Virtuální realita a prevence kriminality – Missing 10 Hours,2025-10,6,Virtuální realita
Virtuální realita a prevence kriminality – Missing 10 Hours,2025-11,4,Virtuální realita
Virtuální realita a prevence kriminality – Missing 10 Hours,2025-12,2,Virtuální realita
Virtuální realita a prevence kriminality – Missing 10 Hours,2026-02,2,Virtuální realita
Virtuální realita a prevence kriminality – Missing 10 Hours,2026-03,5,Virtuální realita
Virtuální realita a prevence kriminality – Missing 10 Hours,2026-04,2,Virtuální realita
Virtuální realita a prevence kriminality – Missing 10 Hours,2026-06,4,Virtuální realita
Virtuální realita a prevence kriminality – Missing 10 Hours,2026-07,2,Virtuální realita
Virtuální realita v tréninku náročné komunikace,2025-08,168,Virtuální realita
"Virtuální realita z pohledu kulturní antropologie, Korea ve VR",2026-01,126,Virtuální realita
"Virtuální realita z pohledu kulturní antropologie, Korea ve VR",2026-02,60,Virtuální realita
"Virtuální realita z pohledu kulturní antropologie, Korea ve VR",2026-03,16,Virtuální realita
"Virtuální realita z pohledu kulturní antropologie, Korea ve VR",2026-04,7,Virtuální realita
"Virtuální realita z pohledu kulturní antropologie, Korea ve VR",2026-05,6,Virtuální realita
"Virtuální realita z pohledu kulturní antropologie, Korea ve VR",2026-06,5,Virtuální realita
"Virtuální realita z pohledu kulturní antropologie, Korea ve VR",2026-07,5,Virtuální realita
"Virtuální realita z pohledu kulturní antropologie, Korea ve VR",2026-08,5,Virtuální realita
"Virtuální realita, film a knihovny – Ondřej Moravec | Díl 9",2026-02,125,Virtuální realita
Virtuální realita: KineDok a dokumentární film | 11. díl,2026-04,102,Virtuální realita
Virtuální realita: Open Brush – malování v 3D prostoru,2025-12,39,Virtuální realita
Virtuální realita: Open Brush – malování v 3D prostoru,2026-01,73,Virtuální realita
Virtuální realita: Open Brush – malování v 3D prostoru,2026-02,26,Virtuální realita
Virtuální realita: Open Brush – malování v 3D prostoru,2026-03,26,Virtuální realita
Virtuální realita: Open Brush – malování v 3D prostoru,2026-04,16,Virtuální realita
Virtuální realita: Open Brush – malování v 3D prostoru,2026-05,26,Virtuální realita
Virtuální realita: Open Brush – malování v 3D prostoru,2026-06,11,Virtuální realita
Virtuální realita: Open Brush – malování v 3D prostoru,2026-07,7,Virtuální realita
Virtuální realita: Open Brush – malování v 3D prostoru,2026-08,5,Virtuální realita
Visiolibrum – Umění ve virtuální galerii,2025-06,193,Virtuální realita
Visiolibrum – Umění ve virtuální galerii,2025-07,67,Virtuální realita
Visiolibrum – Umění ve virtuální galerii,2025-08,14,Virtuální realita
Visiolibrum – Umění ve virtuální galerii,2025-09,29,Virtuální realita
Visiolibrum – Umění ve virtuální galerii,2025-10,9,Virtuální realita
Visiolibrum – Umění ve virtuální galerii,2025-11,8,Virtuální realita
Visiolibrum – Umění ve virtuální galerii,2025-12,5,Virtuální realita
Visiolibrum – Umění ve virtuální galerii,2026-01,1,Virtuální realita
Visiolibrum – Umění ve virtuální galerii,2026-02,4,Virtuální realita
Visiolibrum – Umění ve virtuální galerii,2026-03,8,Virtuální realita
Visiolibrum – Umění ve virtuální galerii,2026-04,3,Virtuální realita
Visiolibrum – Umění ve virtuální galerii,2026-05,4,Virtuální realita
Visiolibrum – Umění ve virtuální galerii,2026-06,5,Virtuální realita
Visiolibrum – Umění ve virtuální galerii,2026-07,3,Virtuální realita
Visiolibrum – Umění ve virtuální galerii,2026-08,1,Virtuální realita
Z věčných dálek – Otokar Březina | Mozaika české poezie: Hlasy a otázky,2026-05,139,Poezie v rytmu
Za noci březnové – Karel Hlaváček | Mozaika české poezie: Hlasy a otázky,2026-04,148,Poezie v rytmu
Žlutá růže – Viktor Dyk | Mozaika české poezie: Hlasy a otázky,2026-07,76,Poezie v rytmu
