PodcastName,Epizoda,Datum_publikování,YouTube_Zhlédnutí,RedCircle_Downloads,Celkové_využití
Virtuální realita,Jak virtuální realita pomáhá seniorům i pečovatelům | 10. díl,,144,0,144
Kouzelný stůl,Kouzelný stůl 1. díl | Restaurování barokní kuchyně Bellarie,,580,0,580
Kouzelný stůl,Kouzelný stůl 2. díl | Experimenty v barokní kuchyni,,924,0,924
Kouzelný stůl,Kouzelný stůl 3. díl | Conrad Hagger ornamentální paštiky a dekorativní marcipán,,268,0,268
Kouzelný stůl,Kouzelný stůl 4. díl | Znovuzrození kouzelného stolu – jak jsme oživili barokní mechanismus,,267,0,267
Virtuální realita,MLP HUB: Virtuální knihovna v Praze ve VRChat,,195,0,195
Virtuální realita,Rehabilitace ve virtuální realitě,,129,0,129
,"Tomáš Řehák: Mise knihovny je stále stejná, mění se jen nástroje, které jsou k dispozici",,481,0,481
,Tomáš Řehák: První týdny v čele knihovny,,262,0,262
Virtuální realita,VR Quide me - objevte historii Prahy od minulosti až po součastnost I 12. díl,,132,0,132
Virtuální realita,Virtuální město: trénink paměti a kognitivních funkcí pro seniory,,235,0,235
Virtuální realita,Virtuální realita a prevence kriminality – Missing 10 Hours,,222,0,222
Virtuální realita,Virtuální realita v tréninku náročné komunikace,,173,0,173
Virtuální realita,"Virtuální realita z pohledu kulturní antropologie, Korea ve VR",,247,0,247
Virtuální realita,"Virtuální realita, film a knihovny – Ondřej Moravec | Díl 9",,130,0,130
Virtuální realita,Virtuální realita: Emperor - O filmu a životě s afázií I 13. díl,,321,0,321
Virtuální realita,Virtuální realita: KineDok a dokumentární film | 11. díl,,107,0,107
Virtuální realita,Virtuální realita: Open Brush – malování v 3D prostoru,,248,0,248
Virtuální realita,Visiolibrum – Umění ve virtuální galerii,,357,0,357
Historie mezi řádky,Byl Adolf Hitler komunista?,2025-11-07,403,358,761
Historie mezi řádky,Edvard Beneš – padouch nebo hrdina? I. část,2022-07-21,0,617,617
Historie mezi řádky,Edvard Beneš – padouch nebo hrdina? II. část,2022-08-04,0,439,439
Historie mezi řádky,Generál Josef Šnejdárek - velitel senegalských lidojedů,2022-10-06,0,397,397
Historie mezi řádky,Hitlerova cesta k moci - i Hitlera si zvolili demokraticky,2022-11-03,41,697,738
Historie mezi řádky,Kudy povedou hranice republiky?,2022-10-20,0,402,402
Historie mezi řádky,Nacistická propaganda v ČSR,2025-11-12,121,271,392
Historie mezi řádky,Od Královce ke Kaliningradu,2022-09-01,0,372,372
Historie mezi řádky,Poslední svobodné volby,2025-11-14,84,275,359
Historie mezi řádky,Samostatná Ukrajina,2025-11-15,95,432,527
Historie mezi řádky,Temná druhá republika,2025-11-13,83,305,388
Historie mezi řádky,Československá kolonie Togo – mýtus nebo skutečnost?,2022-08-18,0,405,405
Historie mezi řádky,Čeští Němci v roce 1918,2022-09-29,0,465,465
Historie mezi řádky,Španělská občanská válka,2022-09-15,0,660,660
Komiksové studio,Komiksové studio #1 s Guyem Delislem,2026-04-21,704,17,721
Komiksové studio,Komiksové studio #2 se Štěpánkou Jislovou,2026-04-21,594,16,610
Komiksové studio,Komiksové studio #3 s Branko Jelinkem,2026-04-29,415,14,429
Komiksové studio,Komiksové studio #4 s Laurou Pérez,2026-09-11,813,12,825
Komiksové studio,Komiksové studio #5 s Jankem Kozou,2026-09-29,447,5,452
Mariánská listování,Mariánská listovaní s Kristýnou Kůstkovou - 1. díl,2025-06-24,0,49,49
Mariánská listování,Mariánská listování  s Dušanem Neumannem - 11. díl,2026-05-07,231,17,248
Mariánská listování,Mariánská listování s Ester Pavlů - 15. díl,2026-08-05,157,13,170
Mariánská listování,Mariánská listování s Evou Chodějovskou - 4.díl,2025-10-28,126,23,149
Mariánská listování,Mariánská listování s Helenou Koenigsmarkovou - 12. díl,2026-04-09,95,12,107
Mariánská listování,Mariánská listování s Helenou Koutnou - 2. díl,2025-07-15,394,49,443
Mariánská listování,Mariánská listování s Ivanem Pušem - 13.díl,2026-04-09,172,20,192
Mariánská listování,Mariánská listování s Ivanou Bozděchovou - 3.díl,2025-07-15,330,63,393
Mariánská listování,Mariánská listování s Janem Smigmatorem - 7. díl,2025-10-30,129,21,150
Mariánská listování,Mariánská listování s Janem Williamem Drnkem,2026-09-07,418,5,423
Mariánská listování,Mariánská listování s Michalem Brožou - 10. díl,2026-01-21,148,35,183
Mariánská listování,Mariánská listování s Pavlem Suchanem - 8. díl,2025-10-31,181,38,219
Mariánská listování,Mariánská listování s Robertem Mikolášem 17. díl,2026-08-06,103,9,112
Mariánská listování,Mariánská listování s Rudym Linkou - 6. díl,2026-05-07,244,18,262
Mariánská listování,Mariánská listování s manželi Tichotovými - 9. díl,2025-12-08,693,28,721
Mariánská listování,Mariánská listování se Zdeňkem Juráskem 16. díl,2026-08-05,167,14,181
Mariánská listování,Mariánská listování se Zdeňkem Pokludou - 14. díl,2026-05-04,138,10,148
Mariánská listování,Mariánská listování: Česká škola v Chicagu - 5. díl,2025-10-29,235,25,260
Nová vlna,Algoritmus kávy – Petr Šimeček | Z-ai-mavý spisovatel,2026-02-15,176,25,201
Nová vlna,Domovní důvěrník 2.0 – Jiří Krišpin | Z-ai-mavý spisovatel,2026-02-08,83,33,116
Nová vlna,Hanuš Hackenschmied – U ledové víly | Kapitola 1: O třech princeznách v Modré hoře,2025-10-05,172,51,223
Nová vlna,Hledání slov – Jana Šindlerová | Z-ai-mavý spisovatel,2026-02-22,65,31,96
Nová vlna,Josef Mach – Tři mrtvoly ve sklepě a jiné | Povídka 1: Tři mrtvoly ve sklepě,2025-06-25,292,322,614
Nová vlna,Josef Mach – Tři mrtvoly ve sklepě a jiné | Povídka 2: Boží prsty,2025-06-26,184,94,278
Nová vlna,Josef Mach – Tři mrtvoly ve sklepě a jiné | Povídka 3: Chocholouš,2025-07-14,154,66,220
Nová vlna,Josef Mach – Tři mrtvoly ve sklepě a jiné | Povídka 4: Ze zašlých dob,2025-07-21,293,88,381
Nová vlna,Josef Mach – Tři mrtvoly ve sklepě a jiné | Povídka 5: Němá láska poručíka Klanga,2025-07-28,90,58,148
Nová vlna,Josef Mach – Tři mrtvoly ve sklepě a jiné | Povídka 6: Plavba paní Suchánkové do Ameriky,2025-08-03,113,49,162
Nová vlna,Josef Mach – Tři mrtvoly ve sklepě a jiné | Povídka 7: Podivuhodný příběh Karla Straširybky,2025-08-10,633,40,673
Nová vlna,Josef Mach – Tři mrtvoly ve sklepě a jiné | Povídka 8: Duch nebožtíka Hroudy,2025-08-17,180,39,219
Nová vlna,Josef Mach – Tři mrtvoly ve sklepě a jiné | Povídka 9: Jak vraždila rakouská byrokracie naše nejl...,2025-08-23,127,40,167
Nová vlna,Karel Hádek – Čtení o staré Praze | Kapitola 10: Dva starobylé domy malostranské,2025-10-26,156,42,198
Nová vlna,Karel Hádek – Čtení o staré Praze | Kapitola 11: Židovský průvod,2025-10-26,122,55,177
Nová vlna,Karel Hádek – Čtení o staré Praze | Kapitola 12: Pražské písně lidu vojenského,2025-11-02,96,43,139
Nová vlna,Karel Hádek – Čtení o staré Praze | Kapitola 13: O domě vusínském aneb redutním,2025-11-09,247,43,290
Nová vlna,Karel Hádek – Čtení o staré Praze | Kapitola 14: Papouškové lázně,2025-11-16,129,51,180
Nová vlna,Karel Hádek – Čtení o staré Praze | Kapitola 15: Dopis z roku 1819,2025-11-23,219,39,258
Nová vlna,Karel Hádek – Čtení o staré Praze | Kapitola 16: Panna Maria kontra Jiří z Poděbrad,2025-11-30,434,35,469
Nová vlna,Karel Hádek – Čtení o staré Praze | Kapitola 17: Nejkrásnější knihovna světa,2025-12-07,249,35,284
Nová vlna,Karel Hádek – Čtení o staré Praze | Kapitola 18: Jak byl obnovován magistrát,2025-12-14,172,26,198
Nová vlna,Karel Hádek – Čtení o staré Praze | Kapitola 19: O nebožce lotynce,2025-12-21,158,28,186
Nová vlna,Karel Hádek – Čtení o staré Praze | Kapitola 1: O kapli Betlémské,2025-09-26,548,94,642
Nová vlna,Karel Hádek – Čtení o staré Praze | Kapitola 20: Vánoce! Vánoce!,2025-12-29,147,26,173
Nová vlna,Karel Hádek – Čtení o staré Praze | Kapitola 21: O městských privilegiích,2026-01-04,925,26,951
Nová vlna,Karel Hádek – Čtení o staré Praze | Kapitola 22: Nejkrásnější hřbitůvek,2026-01-11,174,25,199
Nová vlna,Karel Hádek – Čtení o staré Praze | Kapitola 23: Móda ve středověké Praze,2026-01-18,201,25,226
Nová vlna,Karel Hádek – Čtení o staré Praze | Kapitola 24: O čtyřech oběšencích,2026-01-25,446,34,480
Nová vlna,Karel Hádek – Čtení o staré Praze | Kapitola 25: Život vojenský – život veselý,2026-02-01,229,25,254
Nová vlna,Karel Hádek – Čtení o staré Praze | Kapitola 26: Pražská móda empírová,2026-02-08,176,28,204
Nová vlna,Karel Hádek – Čtení o staré Praze | Kapitola 27: Zpěváčkové,2026-02-15,99,29,128
Nová vlna,Karel Hádek – Čtení o staré Praze | Kapitola 28: Jak přijel do Prahy první vlak,2026-02-22,91,27,118
Nová vlna,Karel Hádek – Čtení o staré Praze | Kapitola 29: Blahořečení Jana Nepomuckého,2026-03-01,84,30,114
Nová vlna,Karel Hádek – Čtení o staré Praze | Kapitola 2: Slavnost v Kanálské zahradě,2025-09-26,382,66,448
Nová vlna,Karel Hádek – Čtení o staré Praze | Kapitola 30: Rychtář Vavák vidí korunovaci Leopolda II.,2026-03-08,90,29,119
Nová vlna,Karel Hádek – Čtení o staré Praze | Kapitola 31: O té velké vodě,2026-03-15,124,30,154
Nová vlna,Karel Hádek – Čtení o staré Praze | Kapitola 32: Praha 1855,2026-03-22,125,29,154
Nová vlna,Karel Hádek – Čtení o staré Praze | Kapitola 33: Kocourkovské příběhy,2026-03-29,121,32,153
Nová vlna,Karel Hádek – Čtení o staré Praze | Kapitola 34: Bombardování Prahy Windischgrätzem,2026-04-05,134,23,157
Nová vlna,Karel Hádek – Čtení o staré Praze | Kapitola 35: Zlatá bula ztracena a opět nalezena,2026-04-12,102,21,123
Nová vlna,"Karel Hádek – Čtení o staré Praze | Kapitola 36: Seance, nebo senzace?",2026-04-20,84,20,104
Nová vlna,Karel Hádek – Čtení o staré Praze | Kapitola 37: Pět zajímavých epitafů,2026-04-26,98,24,122
Nová vlna,Karel Hádek – Čtení o staré Praze | Kapitola 38: Staropražan vypravuje,2026-06-28,283,13,296
Nová vlna,Karel Hádek – Čtení o staré Praze | Kapitola 3: O tandlmarku,2025-09-26,220,56,276
Nová vlna,Karel Hádek – Čtení o staré Praze | Kapitola 4: Pověsti o Staronové škole,2025-09-28,233,94,327
Nová vlna,Karel Hádek – Čtení o staré Praze | Kapitola 5: Barvířský ostrov,2025-09-28,176,61,237
Nová vlna,Karel Hádek – Čtení o staré Praze | Kapitola 6: Zahrady za Koňskou branou,2025-10-05,212,56,268
Nová vlna,Karel Hádek – Čtení o staré Praze | Kapitola 7: O Valdštejnském paláci,2025-10-05,179,49,228
Nová vlna,Karel Hádek – Čtení o staré Praze | Kapitola 8: Pražské Jezulátko,2025-10-12,323,57,380
Nová vlna,Karel Hádek – Čtení o staré Praze | Kapitola 9: Paladium země České,2025-10-19,137,47,184
Nová vlna,Karel Poláček – Čtrnáct dní na vojně | Část 1.,2025-08-30,583,74,657
Nová vlna,Karel Poláček – Čtrnáct dní na vojně | Část 2.,2025-08-30,406,74,480
Nová vlna,Karel Poláček – Čtrnáct dní na vojně | Část 2.,2025-09-06,0,54,54
Nová vlna,Karel Poláček – Čtrnáct dní na vojně | Část 3.,2025-08-30,286,74,360
Nová vlna,Karel Poláček – Čtrnáct dní na vojně | Část 3.,2025-09-13,0,43,43
Nová vlna,Karel Poláček – Čtrnáct dní na vojně | Část 4.,2025-08-30,231,74,305
Nová vlna,Karel Poláček – Čtrnáct dní na vojně | Část 4.,2025-09-22,0,38,38
Nová vlna,Květiny se nevrací – Markéta Fryaufová | Z-ai-mavý spisovatel,2026-03-03,0,31,31
Nová vlna,Podivnější než fikce – Vendula Kreplová | Z-ai-mavý zločin,2026-06-10,58,18,76
Nová vlna,Přiznání algoritmu – Michaela Liegertová | Z-ai-mavý spisovatel,2026-02-08,80,27,107
Nová vlna,Rizikové povolání – Tereza Kovanicová | Z-ai-mavý zločin,2026-06-04,50,20,70
Nová vlna,Smyčka osudu – Michaela Liegertová | Z-ai-mavý zločin,2026-06-17,50,30,80
Nová vlna,Staré pověsti pražské – Adolf Wenig | Povídka 10: O Platýze,2026-07-15,78,16,94
Nová vlna,Staré pověsti pražské – Adolf Wenig | Povídka 11: O domě U Křížku,2026-07-19,170,23,193
Nová vlna,Staré pověsti pražské – Adolf Wenig | Povídka 12: O domě U Betenglů,2026-07-19,75,17,92
Nová vlna,Staré pověsti pražské – Adolf Wenig | Povídka 13: O domě U Tří divých,2026-07-23,39,13,52
Nová vlna,Staré pověsti pražské – Adolf Wenig | Povídka 14: O kapli svatého Kříže,2026-07-23,95,18,113
Nová vlna,Staré pověsti pražské – Adolf Wenig | Povídka 15: O klášteře sv. Anny,2026-07-26,65,18,83
Nová vlna,Staré pověsti pražské – Adolf Wenig | Povídka 16: O zjevení templáře v Liliové ulici,2026-07-26,64,15,79
Nová vlna,Staré pověsti pražské – Adolf Wenig | Povídka 17: O staroměstských mlýnech,2026-07-29,44,12,56
Nová vlna,Staré pověsti pražské – Adolf Wenig | Povídka 18: O Králově lázni,2026-07-29,103,18,121
Nová vlna,Staré pověsti pražské – Adolf Wenig | Povídka 19: O Karlově mostě,2026-08-02,117,17,134
Nová vlna,Staré pověsti pražské – Adolf Wenig | Povídka 1: O Staroměstském náměstí,2026-07-01,91,20,111
Nová vlna,Staré pověsti pražské – Adolf Wenig | Povídka 20: O domě U Železného muže,2026-08-02,62,20,82
Nová vlna,Staré pověsti pražské – Adolf Wenig | Povídka 21: O Klementinu,2026-08-05,58,13,71
Nová vlna,Staré pověsti pražské – Adolf Wenig | Povídka 22: O paláci Clam-Gallasovském,2026-08-05,70,17,87
Nová vlna,Staré pověsti pražské – Adolf Wenig | Povídka 23: O domě U Zlaté hlavy,2026-08-09,87,17,104
Nová vlna,Staré pověsti pražské – Adolf Wenig | Povídka 24: O „staré koleji“,2026-08-09,82,23,105
Nová vlna,Staré pověsti pražské – Adolf Wenig | Povídka 25: O zázračném doktorovi,2026-08-09,76,16,92
Nová vlna,Staré pověsti pražské – Adolf Wenig | Povídka 26: Založení Nového Města,2026-08-16,77,27,104
Nová vlna,Staré pověsti pražské – Adolf Wenig | Povídka 27: O Nekázance,2026-08-16,50,21,71
Nová vlna,Staré pověsti pražské – Adolf Wenig | Povídka 28: O domě U Myslíků,2026-08-23,109,26,135
Nová vlna,Staré pověsti pražské – Adolf Wenig | Povídka 29: O Faustově domě,2026-08-23,126,24,150
Nová vlna,Staré pověsti pražské – Adolf Wenig | Povídka 2: O staroměstském orloji,2026-07-01,76,15,91
Nová vlna,Staré pověsti pražské – Adolf Wenig | Povídka 30: O klášteře Emauzském,2026-08-30,251,20,271
Nová vlna,Staré pověsti pražské – Adolf Wenig | Povídka 31: O kříži pod Emauzy,2026-08-30,259,22,281
Nová vlna,Staré pověsti pražské – Adolf Wenig | Povídka 32: O kostele v Trojické ulici,2026-09-09,222,15,237
Nová vlna,Staré pověsti pražské – Adolf Wenig | Povídka 33: O vyměněném děcku v Podskalí,2026-09-14,433,18,451
Nová vlna,Staré pověsti pražské – Adolf Wenig | Povídka 34: O sloupu na Slupi,2026-09-24,233,12,245
Nová vlna,Staré pověsti pražské – Adolf Wenig | Povídka 35: O Svatováclavské studánce,2026-09-24,274,18,292
Nová vlna,Staré pověsti pražské – Adolf Wenig | Povídka 36: O kostele svatoštěpánském,2026-09-27,422,21,443
Nová vlna,Staré pověsti pražské – Adolf Wenig | Povídka 37: O kostele na Karlově,2026-10-04,162,7,169
Nová vlna,Staré pověsti pražské – Adolf Wenig | Povídka 3: O chrámě Týnském,2026-07-01,79,11,90
Nová vlna,Staré pověsti pražské – Adolf Wenig | Povídka 4: O paláci Kinských,2026-07-01,73,15,88
Nová vlna,Staré pověsti pražské – Adolf Wenig | Povídka 5: O kostele svatojakubském,2026-07-08,96,9,105
Nová vlna,Staré pověsti pražské – Adolf Wenig | Povídka 6: O řeznících staroměstských,2026-07-08,72,7,79
Nová vlna,Staré pověsti pražské – Adolf Wenig | Povídka 7: O domě U Hrubého muže,2026-07-12,30,8,38
Nová vlna,Staré pověsti pražské – Adolf Wenig | Povídka 8: O Karolinu,2026-07-12,77,12,89
Nová vlna,Staré pověsti pražské – Adolf Wenig | Povídka 9: O kotcích,2026-07-15,65,16,81
Nová vlna,V pravěkém světě – Arnošt Caha | Kapitola 10: Objevuje se dvounožec,2026-06-28,63,11,74
Nová vlna,V pravěkém světě – Arnošt Caha | Kapitola 11: První lidé,2026-07-05,24,7,31
Nová vlna,V pravěkém světě – Arnošt Caha | Kapitola 12: Chlupatí kamarádi,2026-07-05,31,11,42
Nová vlna,V pravěkém světě – Arnošt Caha | Kapitola 13: Pravěcí gladiátoři,2026-07-05,28,8,36
Nová vlna,V pravěkém světě – Arnošt Caha | Kapitola 14: Lov na mamuta,2026-07-05,103,13,116
Nová vlna,V pravěkém světě – Arnošt Caha | Kapitola 15: V pravěké obrazárně,2026-07-05,41,9,50
Nová vlna,V pravěkém světě – Arnošt Caha | Kapitola 16: Hrůzy bílé smrti,2026-07-12,28,12,40
Nová vlna,V pravěkém světě – Arnošt Caha | Kapitola 17: V nákolní osadě,2026-07-12,18,13,31
Nová vlna,V pravěkém světě – Arnošt Caha | Kapitola 18: Na hranici,2026-07-12,23,9,32
Nová vlna,"V pravěkém světě – Arnošt Caha | Kapitola 19: Sbohem, pravěký světe",2026-07-12,22,19,41
Nová vlna,V pravěkém světě – Arnošt Caha | Kapitola 1: Cestou k jeskyni,2026-05-25,127,24,151
Nová vlna,V pravěkém světě – Arnošt Caha | Kapitola 20: Zpátky u maminky,2026-07-12,36,13,49
Nová vlna,V pravěkém světě – Arnošt Caha | Kapitola 2: Na pravěkém hřbitově,2026-05-31,51,18,69
Nová vlna,V pravěkém světě – Arnošt Caha | Kapitola 3: V pohádkovém světě,2026-05-31,59,18,77
Nová vlna,V pravěkém světě – Arnošt Caha | Kapitola 4: Pohřbeni zaživa,2026-05-31,42,18,60
Nová vlna,V pravěkém světě – Arnošt Caha | Kapitola 5: Na prahu pravěkého světa,2026-06-07,94,18,112
Nová vlna,V pravěkém světě – Arnošt Caha | Kapitola 6: V devonu,2026-06-07,79,20,99
Nová vlna,V pravěkém světě – Arnošt Caha | Kapitola 7: Ve světě karbonu,2026-06-26,117,13,130
Nová vlna,V pravěkém světě – Arnošt Caha | Kapitola 8: Ve světě draků a příšer,2026-06-28,31,11,42
Nová vlna,V pravěkém světě – Arnošt Caha | Kapitola 9: Obludy ještě nezmizely,2026-06-28,30,11,41
Pestrá země,"Anarchitektura, poezie a tvůrčí svoboda – Jakub Vaněk | Pestrá země",2026-10-05,370,4,374
Pestrá země,Arnošt Lustig 100 let – Eva Lustigová | Pestrá země: Rozhovor ke 100. výročí,2026-05-15,358,53,411
Pestrá země,Fónická poezie a autofikce – Pavel Novotný | Pestrá země,2026-04-23,286,21,307
Pestrá země,Jan Křesadlo – Václav Z. J. Pinkava | Pestrá země,2025-12-24,300,48,348
Pestrá země,"Kafka, poezie a vlastní jazyk  – Alžběta Stančáková:  | Pestrá země",2026-06-16,292,34,326
Pestrá země,"Literatura, jazyky a cestování – Miroslav Černý | Pestrá země",2025-10-15,314,38,352
Pestrá země,Literární rezidence a alternativní scéna – Hana Lundiaková | Pestrá země,2025-12-17,152,38,190
Pestrá země,"Mouchy, Maribor a fotbalové metafory – Dora Kaprálová | Pestrá země",2026-04-23,302,49,351
Pestrá země,Poezie jako reakce na svět – Aleš Kauer | Pestrá země,2026-08-14,199,21,220
Poezie v rytmu,A přece! – Otokar Fischer | Mozaika české poezie: Hlasy a otázky,2026-06-18,89,16,105
Poezie v rytmu,Apostrofa zimní – Otokar Březina | Mozaika české poezie: Hlasy a otázky,2026-04-22,127,17,144
Poezie v rytmu,Balada dětská – Jan Neruda | Mozaika české poezie: Příběhy a obrazy,2026-03-25,166,16,182
Poezie v rytmu,Galantní slavnost – Karel Toman | Mozaika české poezie: Hlasy a otázky,2026-07-22,63,10,73
Poezie v rytmu,Holčičko ubohá – Růžena Jesenská | Mozaika české poezie: Hlasy a otázky,2026-08-10,185,16,201
Poezie v rytmu,Já nejsem vichr – Otokar Fischer | Mozaika české poezie: Hlasy a otázky,2026-06-18,74,13,87
Poezie v rytmu,Lesní studánka – Josef Václav Sládek | Mozaika české poezie: Příběhy a obrazy,2026-03-11,984,29,1013
Poezie v rytmu,Lucifer – Jiří Karásek ze Lvovic | Mozaika české poezie: Hlasy a otázky,2026-05-26,148,17,165
Poezie v rytmu,Poutník – Otakar Theer | Mozaika české poezie: Hlasy a otázky,2026-05-25,104,18,122
Poezie v rytmu,Poštovní schránka – Jiří Wolker | Mozaika české poezie: Příběhy a obrazy,2026-03-12,671,28,699
Poezie v rytmu,Práce – Josef Hora | Mozaika české poezie: Příběhy a obrazy,2026-04-22,155,14,169
Poezie v rytmu,Pršelo v noci – Karel Hlaváček | Mozaika české poezie: Hlasy a otázky,2026-04-09,166,15,181
Poezie v rytmu,Ruce – Otokar Březina | Mozaika české poezie: Hlasy a otázky,2026-03-25,164,22,186
Poezie v rytmu,Soumrak u moře – Viktor Dyk | Mozaika české poezie: Hlasy a otázky,2026-05-26,182,26,208
Poezie v rytmu,Splav – Fráňa Šrámek | Mozaika české poezie: Příběhy a obrazy,2026-03-12,661,35,696
Poezie v rytmu,Svou violu jsem naladil co možno nejhlouběji – Karel Hlaváček | Mozaika české poezie: Hlasy a otázky,2026-03-12,418,22,440
Poezie v rytmu,Toman a lesní panna – František Ladislav Čelakovský | Mozaika české poezie: Příběhy a obrazy,2026-05-27,652,20,672
Poezie v rytmu,Z věčných dálek – Otokar Březina | Mozaika české poezie: Hlasy a otázky,2026-05-06,165,21,186
Poezie v rytmu,Za noci březnové – Karel Hlaváček | Mozaika české poezie: Hlasy a otázky,2026-04-09,174,21,195
Poezie v rytmu,Žlutá růže – Viktor Dyk | Mozaika české poezie: Hlasy a otázky,2026-07-22,99,14,113
