-qtm3RDurSU	V pravěkém světě – Arnošt Caha ¦ Kapitola 17: V nákolní osadě	2026-07	15
-qtm3RDurSU	V pravěkém světě – Arnošt Caha ¦ Kapitola 17: V nákolní osadě	2026-08	1
S7UN51rnoj8	V pravěkém světě – Arnošt Caha ¦ Kapitola 18: Na hranici	2026-07	19
S7UN51rnoj8	V pravěkém světě – Arnošt Caha ¦ Kapitola 18: Na hranici	2026-08	2
ZXw0a2JVJ1w	Staré pověsti pražské – Adolf Wening ¦ Povídka 21: O Klementinu	2026-08	12
lF3M7yZTPhk	V pravěkém světě – Arnošt Caha ¦ Kapitola 19: Sbohem, pravěký světe	2026-07	15
lF3M7yZTPhk	V pravěkém světě – Arnošt Caha ¦ Kapitola 19: Sbohem, pravěký světe	2026-08	4
sz8mfubHQPk	Staré pověsti pražské – Adolf Wening ¦ Povídka 22: O paláci Clam-Gallasovském	2026-08	14
Se5iWOme5yA	Staré pověsti pražské – Adolf Wening ¦ Povídka 17: O staroměstských mlýnech	2026-07	14
Se5iWOme5yA	Staré pověsti pražské – Adolf Wening ¦ Povídka 17: O staroměstských mlýnech	2026-08	10
UKTFVRRV3VE	Staré pověsti pražské – Adolf Wening ¦ Povídka 7: O domě U Hrubého muže	2026-07	21
UKTFVRRV3VE	Staré pověsti pražské – Adolf Wening ¦ Povídka 7: O domě U Hrubého muže	2026-08	1
ZSqd2FFQj68	V pravěkém světě – Arnošt Caha ¦ Kapitola 11: První lidé	2026-07	24
eAA21bkdz2U	V pravěkém světě – Arnošt Caha ¦ Kapitola 13: Pravěcí gladiátoři	2026-07	27
z13JpayVpjU	V pravěkém světě – Arnošt Caha ¦ Kapitola 16: Hrůzy bílé smrti	2026-07	25
QV7pnY2RBcE	V pravěkém světě – Arnošt Caha ¦ Kapitola 9: Obludy ještě nezmizely	2026-06	19
QV7pnY2RBcE	V pravěkém světě – Arnošt Caha ¦ Kapitola 9: Obludy ještě nezmizely	2026-07	11
gTlbeguug1k	V pravěkém světě – Arnošt Caha ¦ Kapitola 20: Zpátky u maminky	2026-07	27
gTlbeguug1k	V pravěkém světě – Arnošt Caha ¦ Kapitola 20: Zpátky u maminky	2026-08	2
isdNp7b3Xyw	V pravěkém světě – Arnošt Caha ¦ Kapitola 8: Ve světě draků a příšer	2026-06	16
isdNp7b3Xyw	V pravěkém světě – Arnošt Caha ¦ Kapitola 8: Ve světě draků a příšer	2026-07	14
o-HTU2g2_aE	V pravěkém světě – Arnošt Caha ¦ Kapitola 12: Chlupatí kamarádi	2026-07	31
r7Pxup78e5A	Staré pověsti pražské – Adolf Wening ¦ Povídka 13: O domě U Tří divých	2026-07	25
r7Pxup78e5A	Staré pověsti pražské – Adolf Wening ¦ Povídka 13: O domě U Tří divých	2026-08	2
DwQaVotENVg	Staré pověsti pražské – Adolf Wening ¦ Povídka 20: O domě U Železného muže	2026-08	39
G2TYdnnolL4	V pravěkém světě – Arnošt Caha ¦ Kapitola 15: V pravěké obrazárně	2026-07	36
G2TYdnnolL4	V pravěkém světě – Arnošt Caha ¦ Kapitola 15: V pravěké obrazárně	2026-08	1
YEA3UNrqJz4	Galantní slavnost – Karel Toman ¦ Mozaika české poezie: Hlasy a otázky	2026-07	31
YEA3UNrqJz4	Galantní slavnost – Karel Toman ¦ Mozaika české poezie: Hlasy a otázky	2026-08	6
areKoQHEVZc	Hitlerova cesta k moci - i Hitlera si zvolili demokraticky	2025-12	16
areKoQHEVZc	Hitlerova cesta k moci - i Hitlera si zvolili demokraticky	2026-01	8
areKoQHEVZc	Hitlerova cesta k moci - i Hitlera si zvolili demokraticky	2026-02	1
areKoQHEVZc	Hitlerova cesta k moci - i Hitlera si zvolili demokraticky	2026-03	1
areKoQHEVZc	Hitlerova cesta k moci - i Hitlera si zvolili demokraticky	2026-04	2
areKoQHEVZc	Hitlerova cesta k moci - i Hitlera si zvolili demokraticky	2026-05	3
areKoQHEVZc	Hitlerova cesta k moci - i Hitlera si zvolili demokraticky	2026-06	2
areKoQHEVZc	Hitlerova cesta k moci - i Hitlera si zvolili demokraticky	2026-07	1
areKoQHEVZc	Hitlerova cesta k moci - i Hitlera si zvolili demokraticky	2026-08	1
vo49ZpMGyak	V pravěkém světě – Arnošt Caha ¦ Kapitola 4: Pohřbeni zaživa	2026-05	12
vo49ZpMGyak	V pravěkém světě – Arnošt Caha ¦ Kapitola 4: Pohřbeni zaživa	2026-06	26
vo49ZpMGyak	V pravěkém světě – Arnošt Caha ¦ Kapitola 4: Pohřbeni zaživa	2026-07	2
6Fb0XbUqfOk	Staré pověsti pražské – Adolf Wening ¦ Povídka 15: O klášteře sv. Anny	2026-07	44
6Fb0XbUqfOk	Staré pověsti pražské – Adolf Wening ¦ Povídka 15: O klášteře sv. Anny	2026-08	4
AwvcesxncDs	Staré pověsti pražské – Adolf Wening ¦ Povídka 19: O Karlově mostě	2026-08	44
Mw35DLBp0v4	Staré pověsti pražské – Adolf Wening ¦ Povídka 16: O zjevení templáře v Liliové ulici	2026-07	41
Mw35DLBp0v4	Staré pověsti pražské – Adolf Wening ¦ Povídka 16: O zjevení templáře v Liliové ulici	2026-08	5
U1uzgt2VuIU	Mariánská listování s Robertem Mikolášem 17. díl	2026-08	45
kOgMBL391wg	V pravěkém světě – Arnošt Caha ¦ Kapitola 10: Objevuje se dvounožec	2026-06	20
kOgMBL391wg	V pravěkém světě – Arnošt Caha ¦ Kapitola 10: Objevuje se dvounožec	2026-07	20
kOgMBL391wg	V pravěkém světě – Arnošt Caha ¦ Kapitola 10: Objevuje se dvounožec	2026-08	2
7kZevziNBKk	Staré pověsti pražské – Adolf Wening ¦ Povídka 2: O staroměstském orloji	2026-07	55
7kZevziNBKk	Staré pověsti pražské – Adolf Wening ¦ Povídka 2: O staroměstském orloji	2026-08	1
C_USK8BE-G4	V pravěkém světě – Arnošt Caha ¦ Kapitola 2: Na pravěkém hřbitově	2026-05	9
C_USK8BE-G4	V pravěkém světě – Arnošt Caha ¦ Kapitola 2: Na pravěkém hřbitově	2026-06	35
C_USK8BE-G4	V pravěkém světě – Arnošt Caha ¦ Kapitola 2: Na pravěkém hřbitově	2026-07	7
FNFMHn8GPns	Smyčka osudu – Michaela Liegertová ¦ Z-ai-mavý zločin	2026-06	42
FNFMHn8GPns	Smyčka osudu – Michaela Liegertová ¦ Z-ai-mavý zločin	2026-07	6
FNFMHn8GPns	Smyčka osudu – Michaela Liegertová ¦ Z-ai-mavý zločin	2026-08	1
P4kgldNMUxs	Staré pověsti pražské – Adolf Wening ¦ Povídka 9: O kotcích	2026-07	52
P4kgldNMUxs	Staré pověsti pražské – Adolf Wening ¦ Povídka 9: O kotcích	2026-08	2
Zu4j_DVvi6c	Rizikové povolání – Tereza Kovanicová ¦ Z-ai-mavý zločin	2026-06	48
Zu4j_DVvi6c	Rizikové povolání – Tereza Kovanicová ¦ Z-ai-mavý zločin	2026-07	1
Zu4j_DVvi6c	Rizikové povolání – Tereza Kovanicová ¦ Z-ai-mavý zločin	2026-08	1
0snGjy6nrio	V pravěkém světě – Arnošt Caha ¦ Kapitola 3: V pohádkovém světě	2026-05	14
0snGjy6nrio	V pravěkém světě – Arnošt Caha ¦ Kapitola 3: V pohádkovém světě	2026-06	41
0snGjy6nrio	V pravěkém světě – Arnošt Caha ¦ Kapitola 3: V pohádkovém světě	2026-07	2
Tw_odLP-Lh8	Staré pověsti pražské – Adolf Wening ¦ Povídka 18: O Králově lázni	2026-07	29
Tw_odLP-Lh8	Staré pověsti pražské – Adolf Wening ¦ Povídka 18: O Králově lázni	2026-08	31
e2WIPNlQH7U	A přece! – Otokar Fischer ¦ Mozaika české poezie: Hlasy a otázky	2026-07	54
e2WIPNlQH7U	A přece! – Otokar Fischer ¦ Mozaika české poezie: Hlasy a otázky	2026-08	2
oF8g3JV4ARE	Staré pověsti pražské – Adolf Wening ¦ Povídka 10: O Platýze	2026-07	60
oF8g3JV4ARE	Staré pověsti pražské – Adolf Wening ¦ Povídka 10: O Platýze	2026-08	1
s6jDGlg0TH4	Podivnější než fikce – Vendula Kreplová ¦ Z-ai-mavý zločin	2026-06	52
s6jDGlg0TH4	Podivnější než fikce – Vendula Kreplová ¦ Z-ai-mavý zločin	2026-07	3
s6jDGlg0TH4	Podivnější než fikce – Vendula Kreplová ¦ Z-ai-mavý zločin	2026-08	2
CFzf8rpeIBo	Staré pověsti pražské – Adolf Wening ¦ Povídka 6: O řeznících staroměstských	2026-07	61
CFzf8rpeIBo	Staré pověsti pražské – Adolf Wening ¦ Povídka 6: O řeznících staroměstských	2026-08	1
UiyFjVwVBRM	Staré pověsti pražské – Adolf Wening ¦ Povídka 4: O paláci Kinských	2026-07	61
UiyFjVwVBRM	Staré pověsti pražské – Adolf Wening ¦ Povídka 4: O paláci Kinských	2026-08	1
e_fEn3QC264	Temná druhá republika	2025-12	13
e_fEn3QC264	Temná druhá republika	2026-01	18
e_fEn3QC264	Temná druhá republika	2026-02	6
e_fEn3QC264	Temná druhá republika	2026-03	7
e_fEn3QC264	Temná druhá republika	2026-04	4
e_fEn3QC264	Temná druhá republika	2026-05	5
e_fEn3QC264	Temná druhá republika	2026-06	5
e_fEn3QC264	Temná druhá republika	2026-07	6
e_fEn3QC264	Temná druhá republika	2026-08	1
hZDWn31vCKY	Staré pověsti pražské – Adolf Wening ¦ Povídka 12: O domě U Betenglů	2026-07	61
hZDWn31vCKY	Staré pověsti pražské – Adolf Wening ¦ Povídka 12: O domě U Betenglů	2026-08	3
rpJGAYVQI5Y	Já nejsem vichr – Otokar Fischer ¦ Mozaika české poezie: Hlasy a otázky	2026-07	60
rpJGAYVQI5Y	Já nejsem vichr – Otokar Fischer ¦ Mozaika české poezie: Hlasy a otázky	2026-08	1
7VDP57n-uBU	Staré pověsti pražské – Adolf Wening ¦ Povídka 8: O Karolinu	2026-07	63
7VDP57n-uBU	Staré pověsti pražské – Adolf Wening ¦ Povídka 8: O Karolinu	2026-08	6
8AgXCEb7maU	Poslední svobodné volby	2025-12	10
8AgXCEb7maU	Poslední svobodné volby	2026-01	7
8AgXCEb7maU	Poslední svobodné volby	2026-02	7
8AgXCEb7maU	Poslední svobodné volby	2026-03	9
8AgXCEb7maU	Poslední svobodné volby	2026-04	7
8AgXCEb7maU	Poslední svobodné volby	2026-05	10
8AgXCEb7maU	Poslední svobodné volby	2026-06	7
8AgXCEb7maU	Poslední svobodné volby	2026-07	14
8AgXCEb7maU	Poslední svobodné volby	2026-08	1
8IpVfWvpu3M	Domovní důvěrník 2.0 – Jiří Krišpin ¦ Z-ai-mavý spisovatel	2026-02	51
8IpVfWvpu3M	Domovní důvěrník 2.0 – Jiří Krišpin ¦ Z-ai-mavý spisovatel	2026-03	7
8IpVfWvpu3M	Domovní důvěrník 2.0 – Jiří Krišpin ¦ Z-ai-mavý spisovatel	2026-04	6
8IpVfWvpu3M	Domovní důvěrník 2.0 – Jiří Krišpin ¦ Z-ai-mavý spisovatel	2026-05	1
8IpVfWvpu3M	Domovní důvěrník 2.0 – Jiří Krišpin ¦ Z-ai-mavý spisovatel	2026-06	1
8IpVfWvpu3M	Domovní důvěrník 2.0 – Jiří Krišpin ¦ Z-ai-mavý spisovatel	2026-07	1
8IpVfWvpu3M	Domovní důvěrník 2.0 – Jiří Krišpin ¦ Z-ai-mavý spisovatel	2026-08	1
AajGnpekZ_Y	Staré pověsti pražské – Adolf Wening ¦ Povídka 3: O chrámě Týnském	2026-07	68
AajGnpekZ_Y	Staré pověsti pražské – Adolf Wening ¦ Povídka 3: O chrámě Týnském	2026-08	3
tcRmifYNZDc	Hledání slov – Jana Šindlerová ¦ Z-ai-mavý spisovatel	2026-02	34
tcRmifYNZDc	Hledání slov – Jana Šindlerová ¦ Z-ai-mavý spisovatel	2026-03	11
tcRmifYNZDc	Hledání slov – Jana Šindlerová ¦ Z-ai-mavý spisovatel	2026-04	10
tcRmifYNZDc	Hledání slov – Jana Šindlerová ¦ Z-ai-mavý spisovatel	2026-05	5
tcRmifYNZDc	Hledání slov – Jana Šindlerová ¦ Z-ai-mavý spisovatel	2026-06	3
tcRmifYNZDc	Hledání slov – Jana Šindlerová ¦ Z-ai-mavý spisovatel	2026-07	1
tcRmifYNZDc	Hledání slov – Jana Šindlerová ¦ Z-ai-mavý spisovatel	2026-08	1
0u-_WJwG2FM	V pravěkém světě – Arnošt Caha ¦ Kapitola 6: V devonu	2026-06	76
0u-_WJwG2FM	V pravěkém světě – Arnošt Caha ¦ Kapitola 6: V devonu	2026-07	2
5oc_8nGj1aM	Staré pověsti pražské – Adolf Wening ¦ Povídka 1: O Staroměstském náměstí	2026-07	76
5oc_8nGj1aM	Staré pověsti pražské – Adolf Wening ¦ Povídka 1: O Staroměstském náměstí	2026-08	1
c-mZhholZOA	Přiznání algoritmu – Michaela Liegertová ¦ Z-ai-mavý spisovatel	2026-02	43
c-mZhholZOA	Přiznání algoritmu – Michaela Liegertová ¦ Z-ai-mavý spisovatel	2026-03	12
c-mZhholZOA	Přiznání algoritmu – Michaela Liegertová ¦ Z-ai-mavý spisovatel	2026-04	5
c-mZhholZOA	Přiznání algoritmu – Michaela Liegertová ¦ Z-ai-mavý spisovatel	2026-05	7
c-mZhholZOA	Přiznání algoritmu – Michaela Liegertová ¦ Z-ai-mavý spisovatel	2026-06	1
c-mZhholZOA	Přiznání algoritmu – Michaela Liegertová ¦ Z-ai-mavý spisovatel	2026-07	6
c-mZhholZOA	Přiznání algoritmu – Michaela Liegertová ¦ Z-ai-mavý spisovatel	2026-08	1
ipa-RoUzQcg	Karel Hádek – Čtení o staré Praze ¦ Kapitola 36: Seance, nebo senzace?	2026-04	59
ipa-RoUzQcg	Karel Hádek – Čtení o staré Praze ¦ Kapitola 36: Seance, nebo senzace?	2026-05	15
ipa-RoUzQcg	Karel Hádek – Čtení o staré Praze ¦ Kapitola 36: Seance, nebo senzace?	2026-06	1
ipa-RoUzQcg	Karel Hádek – Čtení o staré Praze ¦ Kapitola 36: Seance, nebo senzace?	2026-07	5
ipa-RoUzQcg	Karel Hádek – Čtení o staré Praze ¦ Kapitola 36: Seance, nebo senzace?	2026-08	1
yiiYJE8aZNo	Žlutá růže – Viktor Dyk ¦ Mozaika české poezie: Hlasy a otázky	2026-07	70
yiiYJE8aZNo	Žlutá růže – Viktor Dyk ¦ Mozaika české poezie: Hlasy a otázky	2026-08	5