-NAvlXIqYdA	Kouzelný stůl 2. díl ¦ Experimenty v barokní kuchyni	2026-03	801
-NAvlXIqYdA	Kouzelný stůl 2. díl ¦ Experimenty v barokní kuchyni	2026-04	56
-NAvlXIqYdA	Kouzelný stůl 2. díl ¦ Experimenty v barokní kuchyni	2026-05	42
-NAvlXIqYdA	Kouzelný stůl 2. díl ¦ Experimenty v barokní kuchyni	2026-06	11
-NAvlXIqYdA	Kouzelný stůl 2. díl ¦ Experimenty v barokní kuchyni	2026-07	14
DKe-KHHFig0	Lesní studánka – Josef Václav Sládek ¦ Mozaika české poezie: Příběhy a obrazy	2026-03	212
DKe-KHHFig0	Lesní studánka – Josef Václav Sládek ¦ Mozaika české poezie: Příběhy a obrazy	2026-04	138
DKe-KHHFig0	Lesní studánka – Josef Václav Sládek ¦ Mozaika české poezie: Příběhy a obrazy	2026-05	284
DKe-KHHFig0	Lesní studánka – Josef Václav Sládek ¦ Mozaika české poezie: Příběhy a obrazy	2026-06	263
DKe-KHHFig0	Lesní studánka – Josef Václav Sládek ¦ Mozaika české poezie: Příběhy a obrazy	2026-07	75
DKe-KHHFig0	Lesní studánka – Josef Václav Sládek ¦ Mozaika české poezie: Příběhy a obrazy	2026-08	12
TWI2C4FTrAI	Komiksové studio #1 s Guyem Delislem	2026-01	459
TWI2C4FTrAI	Komiksové studio #1 s Guyem Delislem	2026-02	114
TWI2C4FTrAI	Komiksové studio #1 s Guyem Delislem	2026-03	66
TWI2C4FTrAI	Komiksové studio #1 s Guyem Delislem	2026-04	27
TWI2C4FTrAI	Komiksové studio #1 s Guyem Delislem	2026-05	16
TWI2C4FTrAI	Komiksové studio #1 s Guyem Delislem	2026-06	13
TWI2C4FTrAI	Komiksové studio #1 s Guyem Delislem	2026-07	9
qUNq-foQEHQ	Josef Mach – Tři mrtvoly ve sklepě a jiné ¦ Povídka 7: Podivuhodný příběh Karla Straširybky	2025-08	526
qUNq-foQEHQ	Josef Mach – Tři mrtvoly ve sklepě a jiné ¦ Povídka 7: Podivuhodný příběh Karla Straširybky	2025-09	75
qUNq-foQEHQ	Josef Mach – Tři mrtvoly ve sklepě a jiné ¦ Povídka 7: Podivuhodný příběh Karla Straširybky	2025-10	9
qUNq-foQEHQ	Josef Mach – Tři mrtvoly ve sklepě a jiné ¦ Povídka 7: Podivuhodný příběh Karla Straširybky	2025-11	8
qUNq-foQEHQ	Josef Mach – Tři mrtvoly ve sklepě a jiné ¦ Povídka 7: Podivuhodný příběh Karla Straširybky	2025-12	1
qUNq-foQEHQ	Josef Mach – Tři mrtvoly ve sklepě a jiné ¦ Povídka 7: Podivuhodný příběh Karla Straširybky	2026-01	1
qUNq-foQEHQ	Josef Mach – Tři mrtvoly ve sklepě a jiné ¦ Povídka 7: Podivuhodný příběh Karla Straširybky	2026-02	1
qUNq-foQEHQ	Josef Mach – Tři mrtvoly ve sklepě a jiné ¦ Povídka 7: Podivuhodný příběh Karla Straširybky	2026-03	5
qUNq-foQEHQ	Josef Mach – Tři mrtvoly ve sklepě a jiné ¦ Povídka 7: Podivuhodný příběh Karla Straširybky	2026-04	1
qUNq-foQEHQ	Josef Mach – Tři mrtvoly ve sklepě a jiné ¦ Povídka 7: Podivuhodný příběh Karla Straširybky	2026-05	2
qUNq-foQEHQ	Josef Mach – Tři mrtvoly ve sklepě a jiné ¦ Povídka 7: Podivuhodný příběh Karla Straširybky	2026-06	1
qUNq-foQEHQ	Josef Mach – Tři mrtvoly ve sklepě a jiné ¦ Povídka 7: Podivuhodný příběh Karla Straširybky	2026-07	3
rmRH1cmXSUc	Karel Hádek – Čtení o staré Praze ¦ Kapitola 21: O městských privilegiích	2026-01	896
rmRH1cmXSUc	Karel Hádek – Čtení o staré Praze ¦ Kapitola 21: O městských privilegiích	2026-02	18
rmRH1cmXSUc	Karel Hádek – Čtení o staré Praze ¦ Kapitola 21: O městských privilegiích	2026-03	3
rmRH1cmXSUc	Karel Hádek – Čtení o staré Praze ¦ Kapitola 21: O městských privilegiích	2026-04	2
rmRH1cmXSUc	Karel Hádek – Čtení o staré Praze ¦ Kapitola 21: O městských privilegiích	2026-05	3
rmRH1cmXSUc	Karel Hádek – Čtení o staré Praze ¦ Kapitola 21: O městských privilegiích	2026-06	2
rmRH1cmXSUc	Karel Hádek – Čtení o staré Praze ¦ Kapitola 21: O městských privilegiích	2026-07	1
-IwTZm_R5S4	Mariánská listování s manželi Tichotovými - 9. díl	2025-12	377
-IwTZm_R5S4	Mariánská listování s manželi Tichotovými - 9. díl	2026-01	30
-IwTZm_R5S4	Mariánská listování s manželi Tichotovými - 9. díl	2026-02	6
-IwTZm_R5S4	Mariánská listování s manželi Tichotovými - 9. díl	2026-03	20
-IwTZm_R5S4	Mariánská listování s manželi Tichotovými - 9. díl	2026-04	16
-IwTZm_R5S4	Mariánská listování s manželi Tichotovými - 9. díl	2026-05	18
-IwTZm_R5S4	Mariánská listování s manželi Tichotovými - 9. díl	2026-06	16
-IwTZm_R5S4	Mariánská listování s manželi Tichotovými - 9. díl	2026-07	33
-IwTZm_R5S4	Mariánská listování s manželi Tichotovými - 9. díl	2026-08	12
7IITST4jEjw	Komiksové studio #2  se Štěpánkou Jislovou	2026-03	378
7IITST4jEjw	Komiksové studio #2  se Štěpánkou Jislovou	2026-04	74
7IITST4jEjw	Komiksové studio #2  se Štěpánkou Jislovou	2026-05	35
7IITST4jEjw	Komiksové studio #2  se Štěpánkou Jislovou	2026-06	29
7IITST4jEjw	Komiksové studio #2  se Štěpánkou Jislovou	2026-07	14
7IITST4jEjw	Komiksové studio #2  se Štěpánkou Jislovou	2026-08	4
VVUPQPEsE2g	Karel Poláček – Čtrnáct dní na vojně ¦ Část 1.	2025-08	108
VVUPQPEsE2g	Karel Poláček – Čtrnáct dní na vojně ¦ Část 1.	2025-09	255
VVUPQPEsE2g	Karel Poláček – Čtrnáct dní na vojně ¦ Část 1.	2025-10	31
VVUPQPEsE2g	Karel Poláček – Čtrnáct dní na vojně ¦ Část 1.	2025-11	29
VVUPQPEsE2g	Karel Poláček – Čtrnáct dní na vojně ¦ Část 1.	2025-12	28
VVUPQPEsE2g	Karel Poláček – Čtrnáct dní na vojně ¦ Část 1.	2026-01	34
VVUPQPEsE2g	Karel Poláček – Čtrnáct dní na vojně ¦ Část 1.	2026-02	15
VVUPQPEsE2g	Karel Poláček – Čtrnáct dní na vojně ¦ Část 1.	2026-03	23
VVUPQPEsE2g	Karel Poláček – Čtrnáct dní na vojně ¦ Část 1.	2026-04	10
VVUPQPEsE2g	Karel Poláček – Čtrnáct dní na vojně ¦ Část 1.	2026-05	9
VVUPQPEsE2g	Karel Poláček – Čtrnáct dní na vojně ¦ Část 1.	2026-06	7
VVUPQPEsE2g	Karel Poláček – Čtrnáct dní na vojně ¦ Část 1.	2026-07	9
VVUPQPEsE2g	Karel Poláček – Čtrnáct dní na vojně ¦ Část 1.	2026-08	2
nwxBsjIHJbA	Kouzelný stůl 1. díl ¦ Restaurování barokní kuchyně Bellarie	2026-03	377
nwxBsjIHJbA	Kouzelný stůl 1. díl ¦ Restaurování barokní kuchyně Bellarie	2026-04	73
nwxBsjIHJbA	Kouzelný stůl 1. díl ¦ Restaurování barokní kuchyně Bellarie	2026-05	28
nwxBsjIHJbA	Kouzelný stůl 1. díl ¦ Restaurování barokní kuchyně Bellarie	2026-06	13
nwxBsjIHJbA	Kouzelný stůl 1. díl ¦ Restaurování barokní kuchyně Bellarie	2026-07	22
nwxBsjIHJbA	Kouzelný stůl 1. díl ¦ Restaurování barokní kuchyně Bellarie	2026-08	2
tyeTgBeblV8	Poštovní schránka – Jiří Wolker ¦ Mozaika české poezie: Příběhy a obrazy	2026-03	155
tyeTgBeblV8	Poštovní schránka – Jiří Wolker ¦ Mozaika české poezie: Příběhy a obrazy	2026-04	98
tyeTgBeblV8	Poštovní schránka – Jiří Wolker ¦ Mozaika české poezie: Příběhy a obrazy	2026-05	103
tyeTgBeblV8	Poštovní schránka – Jiří Wolker ¦ Mozaika české poezie: Příběhy a obrazy	2026-06	73
tyeTgBeblV8	Poštovní schránka – Jiří Wolker ¦ Mozaika české poezie: Příběhy a obrazy	2026-07	58
tyeTgBeblV8	Poštovní schránka – Jiří Wolker ¦ Mozaika české poezie: Příběhy a obrazy	2026-08	12
DQt62kFZ11I	Karel Poláček – Čtrnáct dní na vojně ¦ Část 2.	2025-09	320
DQt62kFZ11I	Karel Poláček – Čtrnáct dní na vojně ¦ Část 2.	2025-10	15
DQt62kFZ11I	Karel Poláček – Čtrnáct dní na vojně ¦ Část 2.	2025-11	10
DQt62kFZ11I	Karel Poláček – Čtrnáct dní na vojně ¦ Část 2.	2025-12	19
DQt62kFZ11I	Karel Poláček – Čtrnáct dní na vojně ¦ Část 2.	2026-01	7
DQt62kFZ11I	Karel Poláček – Čtrnáct dní na vojně ¦ Část 2.	2026-02	6
DQt62kFZ11I	Karel Poláček – Čtrnáct dní na vojně ¦ Část 2.	2026-03	9
DQt62kFZ11I	Karel Poláček – Čtrnáct dní na vojně ¦ Část 2.	2026-04	4
DQt62kFZ11I	Karel Poláček – Čtrnáct dní na vojně ¦ Část 2.	2026-06	3
DQt62kFZ11I	Karel Poláček – Čtrnáct dní na vojně ¦ Část 2.	2026-07	4
GpgrN9znRiI	Splav – Fráňa Šrámek ¦ Mozaika české poezie: Příběhy a obrazy	2026-03	139
GpgrN9znRiI	Splav – Fráňa Šrámek ¦ Mozaika české poezie: Příběhy a obrazy	2026-04	131
GpgrN9znRiI	Splav – Fráňa Šrámek ¦ Mozaika české poezie: Příběhy a obrazy	2026-05	119
GpgrN9znRiI	Splav – Fráňa Šrámek ¦ Mozaika české poezie: Příběhy a obrazy	2026-06	57
GpgrN9znRiI	Splav – Fráňa Šrámek ¦ Mozaika české poezie: Příběhy a obrazy	2026-07	38
GpgrN9znRiI	Splav – Fráňa Šrámek ¦ Mozaika české poezie: Příběhy a obrazy	2026-08	6
KYpcek7QPFY	Karel Hádek – Čtení o staré Praze ¦ Kapitola 1: O kapli Betlémské	2025-09	159
KYpcek7QPFY	Karel Hádek – Čtení o staré Praze ¦ Kapitola 1: O kapli Betlémské	2025-10	91
KYpcek7QPFY	Karel Hádek – Čtení o staré Praze ¦ Kapitola 1: O kapli Betlémské	2025-11	31
KYpcek7QPFY	Karel Hádek – Čtení o staré Praze ¦ Kapitola 1: O kapli Betlémské	2025-12	36
KYpcek7QPFY	Karel Hádek – Čtení o staré Praze ¦ Kapitola 1: O kapli Betlémské	2026-01	57
KYpcek7QPFY	Karel Hádek – Čtení o staré Praze ¦ Kapitola 1: O kapli Betlémské	2026-02	25
KYpcek7QPFY	Karel Hádek – Čtení o staré Praze ¦ Kapitola 1: O kapli Betlémské	2026-03	18
KYpcek7QPFY	Karel Hádek – Čtení o staré Praze ¦ Kapitola 1: O kapli Betlémské	2026-04	19
KYpcek7QPFY	Karel Hádek – Čtení o staré Praze ¦ Kapitola 1: O kapli Betlémské	2026-05	18
KYpcek7QPFY	Karel Hádek – Čtení o staré Praze ¦ Kapitola 1: O kapli Betlémské	2026-06	11
KYpcek7QPFY	Karel Hádek – Čtení o staré Praze ¦ Kapitola 1: O kapli Betlémské	2026-07	9
Nuj2OJc-uv4	Karel Hádek – Čtení o staré Praze ¦ Kapitola 16: Panna Maria kontra Jiří z Poděbrad	2025-11	17
Nuj2OJc-uv4	Karel Hádek – Čtení o staré Praze ¦ Kapitola 16: Panna Maria kontra Jiří z Poděbrad	2025-12	370
Nuj2OJc-uv4	Karel Hádek – Čtení o staré Praze ¦ Kapitola 16: Panna Maria kontra Jiří z Poděbrad	2026-01	28
Nuj2OJc-uv4	Karel Hádek – Čtení o staré Praze ¦ Kapitola 16: Panna Maria kontra Jiří z Poděbrad	2026-02	6
Nuj2OJc-uv4	Karel Hádek – Čtení o staré Praze ¦ Kapitola 16: Panna Maria kontra Jiří z Poděbrad	2026-03	3
Nuj2OJc-uv4	Karel Hádek – Čtení o staré Praze ¦ Kapitola 16: Panna Maria kontra Jiří z Poděbrad	2026-04	1
Nuj2OJc-uv4	Karel Hádek – Čtení o staré Praze ¦ Kapitola 16: Panna Maria kontra Jiří z Poděbrad	2026-05	2
Nuj2OJc-uv4	Karel Hádek – Čtení o staré Praze ¦ Kapitola 16: Panna Maria kontra Jiří z Poděbrad	2026-06	2
Nuj2OJc-uv4	Karel Hádek – Čtení o staré Praze ¦ Kapitola 16: Panna Maria kontra Jiří z Poděbrad	2026-07	1
Rr7Xp8TrBc0	Karel Hádek – Čtení o staré Praze ¦ Kapitola 24: O čtyřech oběšencích	2026-01	374
Rr7Xp8TrBc0	Karel Hádek – Čtení o staré Praze ¦ Kapitola 24: O čtyřech oběšencích	2026-02	51
Rr7Xp8TrBc0	Karel Hádek – Čtení o staré Praze ¦ Kapitola 24: O čtyřech oběšencích	2026-03	7
Rr7Xp8TrBc0	Karel Hádek – Čtení o staré Praze ¦ Kapitola 24: O čtyřech oběšencích	2026-04	1
Rr7Xp8TrBc0	Karel Hádek – Čtení o staré Praze ¦ Kapitola 24: O čtyřech oběšencích	2026-05	5
Rr7Xp8TrBc0	Karel Hádek – Čtení o staré Praze ¦ Kapitola 24: O čtyřech oběšencích	2026-06	1
Rr7Xp8TrBc0	Karel Hádek – Čtení o staré Praze ¦ Kapitola 24: O čtyřech oběšencích	2026-07	2
L15ImNClsn8	Mariánská listování s Ivanou Bozděchovou - 3.díl	2025-07	155
L15ImNClsn8	Mariánská listování s Ivanou Bozděchovou - 3.díl	2025-08	118
L15ImNClsn8	Mariánská listování s Ivanou Bozděchovou - 3.díl	2025-09	14
L15ImNClsn8	Mariánská listování s Ivanou Bozděchovou - 3.díl	2025-10	13
L15ImNClsn8	Mariánská listování s Ivanou Bozděchovou - 3.díl	2025-11	4
L15ImNClsn8	Mariánská listování s Ivanou Bozděchovou - 3.díl	2025-12	1
L15ImNClsn8	Mariánská listování s Ivanou Bozděchovou - 3.díl	2026-01	1
L15ImNClsn8	Mariánská listování s Ivanou Bozděchovou - 3.díl	2026-03	6
L15ImNClsn8	Mariánská listování s Ivanou Bozděchovou - 3.díl	2026-04	6
L15ImNClsn8	Mariánská listování s Ivanou Bozděchovou - 3.díl	2026-05	1
L15ImNClsn8	Mariánská listování s Ivanou Bozděchovou - 3.díl	2026-06	2
L15ImNClsn8	Mariánská listování s Ivanou Bozděchovou - 3.díl	2026-07	4
L15ImNClsn8	Mariánská listování s Ivanou Bozděchovou - 3.díl	2026-08	1
QZbFYVq709k	Visiolibrum – Umění ve virtuální galerii	2025-06	193
QZbFYVq709k	Visiolibrum – Umění ve virtuální galerii	2025-07	67
QZbFYVq709k	Visiolibrum – Umění ve virtuální galerii	2025-08	14
QZbFYVq709k	Visiolibrum – Umění ve virtuální galerii	2025-09	29
QZbFYVq709k	Visiolibrum – Umění ve virtuální galerii	2025-10	9
QZbFYVq709k	Visiolibrum – Umění ve virtuální galerii	2025-11	8
QZbFYVq709k	Visiolibrum – Umění ve virtuální galerii	2025-12	5
QZbFYVq709k	Visiolibrum – Umění ve virtuální galerii	2026-01	1
QZbFYVq709k	Visiolibrum – Umění ve virtuální galerii	2026-02	4
QZbFYVq709k	Visiolibrum – Umění ve virtuální galerii	2026-03	8
QZbFYVq709k	Visiolibrum – Umění ve virtuální galerii	2026-04	3
QZbFYVq709k	Visiolibrum – Umění ve virtuální galerii	2026-05	4
QZbFYVq709k	Visiolibrum – Umění ve virtuální galerii	2026-06	5
QZbFYVq709k	Visiolibrum – Umění ve virtuální galerii	2026-07	3
hoTzA-Fb2c0	Karel Hádek – Čtení o staré Praze ¦ Kapitola 2: Slavnost v Kanálské zahradě	2025-09	253
hoTzA-Fb2c0	Karel Hádek – Čtení o staré Praze ¦ Kapitola 2: Slavnost v Kanálské zahradě	2025-10	46
hoTzA-Fb2c0	Karel Hádek – Čtení o staré Praze ¦ Kapitola 2: Slavnost v Kanálské zahradě	2025-11	10
hoTzA-Fb2c0	Karel Hádek – Čtení o staré Praze ¦ Kapitola 2: Slavnost v Kanálské zahradě	2025-12	21
hoTzA-Fb2c0	Karel Hádek – Čtení o staré Praze ¦ Kapitola 2: Slavnost v Kanálské zahradě	2026-01	20
hoTzA-Fb2c0	Karel Hádek – Čtení o staré Praze ¦ Kapitola 2: Slavnost v Kanálské zahradě	2026-02	5
hoTzA-Fb2c0	Karel Hádek – Čtení o staré Praze ¦ Kapitola 2: Slavnost v Kanálské zahradě	2026-03	11
hoTzA-Fb2c0	Karel Hádek – Čtení o staré Praze ¦ Kapitola 2: Slavnost v Kanálské zahradě	2026-04	6
hoTzA-Fb2c0	Karel Hádek – Čtení o staré Praze ¦ Kapitola 2: Slavnost v Kanálské zahradě	2026-05	4
hoTzA-Fb2c0	Karel Hádek – Čtení o staré Praze ¦ Kapitola 2: Slavnost v Kanálské zahradě	2026-06	1
hoTzA-Fb2c0	Karel Hádek – Čtení o staré Praze ¦ Kapitola 2: Slavnost v Kanálské zahradě	2026-07	2
qxIPWMaO3W8	Komiksové studio #3 s Branko Jelinkem	2026-04	126
qxIPWMaO3W8	Komiksové studio #3 s Branko Jelinkem	2026-05	189
qxIPWMaO3W8	Komiksové studio #3 s Branko Jelinkem	2026-06	24
qxIPWMaO3W8	Komiksové studio #3 s Branko Jelinkem	2026-07	11
qxIPWMaO3W8	Komiksové studio #3 s Branko Jelinkem	2026-08	3
yPe7nxIwb7E	Mariánská listování s Helenou Koutnou - 2. díl	2025-06	76
yPe7nxIwb7E	Mariánská listování s Helenou Koutnou - 2. díl	2025-07	223
yPe7nxIwb7E	Mariánská listování s Helenou Koutnou - 2. díl	2025-08	37
yPe7nxIwb7E	Mariánská listování s Helenou Koutnou - 2. díl	2025-09	5
yPe7nxIwb7E	Mariánská listování s Helenou Koutnou - 2. díl	2025-10	6
yPe7nxIwb7E	Mariánská listování s Helenou Koutnou - 2. díl	2025-11	3
yPe7nxIwb7E	Mariánská listování s Helenou Koutnou - 2. díl	2025-12	2
yPe7nxIwb7E	Mariánská listování s Helenou Koutnou - 2. díl	2026-01	5
yPe7nxIwb7E	Mariánská listování s Helenou Koutnou - 2. díl	2026-02	5
yPe7nxIwb7E	Mariánská listování s Helenou Koutnou - 2. díl	2026-03	8
yPe7nxIwb7E	Mariánská listování s Helenou Koutnou - 2. díl	2026-05	4
yPe7nxIwb7E	Mariánská listování s Helenou Koutnou - 2. díl	2026-06	2
yPe7nxIwb7E	Mariánská listování s Helenou Koutnou - 2. díl	2026-07	12
yPe7nxIwb7E	Mariánská listování s Helenou Koutnou - 2. díl	2026-08	2
-SQzK929npM	Arnošt Lustig 100 let – Eva Lustigová ¦ Pestrá země: Rozhovor ke 100. výročí	2026-05	226
-SQzK929npM	Arnošt Lustig 100 let – Eva Lustigová ¦ Pestrá země: Rozhovor ke 100. výročí	2026-06	46
-SQzK929npM	Arnošt Lustig 100 let – Eva Lustigová ¦ Pestrá země: Rozhovor ke 100. výročí	2026-07	36
-SQzK929npM	Arnošt Lustig 100 let – Eva Lustigová ¦ Pestrá země: Rozhovor ke 100. výročí	2026-08	3
57YYqkTp23k	Karel Hádek – Čtení o staré Praze ¦ Kapitola 8: Pražské Jezulátko	2025-10	269
57YYqkTp23k	Karel Hádek – Čtení o staré Praze ¦ Kapitola 8: Pražské Jezulátko	2025-11	14
57YYqkTp23k	Karel Hádek – Čtení o staré Praze ¦ Kapitola 8: Pražské Jezulátko	2025-12	7
57YYqkTp23k	Karel Hádek – Čtení o staré Praze ¦ Kapitola 8: Pražské Jezulátko	2026-01	10
57YYqkTp23k	Karel Hádek – Čtení o staré Praze ¦ Kapitola 8: Pražské Jezulátko	2026-02	5
57YYqkTp23k	Karel Hádek – Čtení o staré Praze ¦ Kapitola 8: Pražské Jezulátko	2026-04	4
57YYqkTp23k	Karel Hádek – Čtení o staré Praze ¦ Kapitola 8: Pražské Jezulátko	2026-05	10
57YYqkTp23k	Karel Hádek – Čtení o staré Praze ¦ Kapitola 8: Pražské Jezulátko	2026-06	2
57YYqkTp23k	Karel Hádek – Čtení o staré Praze ¦ Kapitola 8: Pražské Jezulátko	2026-07	1
DJZlngrgbZ0	Svou violu jsem naladil co možno nejhlouběji – Karel Hlaváček ¦ Mozaika české poezie: Hlasy a otázky	2026-03	106
DJZlngrgbZ0	Svou violu jsem naladil co možno nejhlouběji – Karel Hlaváček ¦ Mozaika české poezie: Hlasy a otázky	2026-04	32
DJZlngrgbZ0	Svou violu jsem naladil co možno nejhlouběji – Karel Hlaváček ¦ Mozaika české poezie: Hlasy a otázky	2026-05	104
DJZlngrgbZ0	Svou violu jsem naladil co možno nejhlouběji – Karel Hlaváček ¦ Mozaika české poezie: Hlasy a otázky	2026-06	49
DJZlngrgbZ0	Svou violu jsem naladil co možno nejhlouběji – Karel Hlaváček ¦ Mozaika české poezie: Hlasy a otázky	2026-07	26
DJZlngrgbZ0	Svou violu jsem naladil co možno nejhlouběji – Karel Hlaváček ¦ Mozaika české poezie: Hlasy a otázky	2026-08	4
KWUvYzbxDGA	Byl Adolf Hitler komunista?	2026-01	132
KWUvYzbxDGA	Byl Adolf Hitler komunista?	2026-02	160
KWUvYzbxDGA	Byl Adolf Hitler komunista?	2026-03	5
KWUvYzbxDGA	Byl Adolf Hitler komunista?	2026-04	7
KWUvYzbxDGA	Byl Adolf Hitler komunista?	2026-05	8
KWUvYzbxDGA	Byl Adolf Hitler komunista?	2026-06	4
KWUvYzbxDGA	Byl Adolf Hitler komunista?	2026-07	1
vyBd7nzLoG0	Literatura, jazyky a cestování – Miroslav Černý ¦ Pestrá země	2025-10	237
vyBd7nzLoG0	Literatura, jazyky a cestování – Miroslav Černý ¦ Pestrá země	2025-11	21
vyBd7nzLoG0	Literatura, jazyky a cestování – Miroslav Černý ¦ Pestrá země	2025-12	11
vyBd7nzLoG0	Literatura, jazyky a cestování – Miroslav Černý ¦ Pestrá země	2026-01	9
vyBd7nzLoG0	Literatura, jazyky a cestování – Miroslav Černý ¦ Pestrá země	2026-02	8
vyBd7nzLoG0	Literatura, jazyky a cestování – Miroslav Černý ¦ Pestrá země	2026-03	9
vyBd7nzLoG0	Literatura, jazyky a cestování – Miroslav Černý ¦ Pestrá země	2026-04	3
vyBd7nzLoG0	Literatura, jazyky a cestování – Miroslav Černý ¦ Pestrá země	2026-05	5
vyBd7nzLoG0	Literatura, jazyky a cestování – Miroslav Černý ¦ Pestrá země	2026-06	3
vyBd7nzLoG0	Literatura, jazyky a cestování – Miroslav Černý ¦ Pestrá země	2026-07	2
9SBF4GO_QhM	Karel Poláček – Čtrnáct dní na vojně ¦ Část 3.	2025-09	214
9SBF4GO_QhM	Karel Poláček – Čtrnáct dní na vojně ¦ Část 3.	2025-10	11
9SBF4GO_QhM	Karel Poláček – Čtrnáct dní na vojně ¦ Část 3.	2025-11	14
9SBF4GO_QhM	Karel Poláček – Čtrnáct dní na vojně ¦ Část 3.	2025-12	13
9SBF4GO_QhM	Karel Poláček – Čtrnáct dní na vojně ¦ Část 3.	2026-01	11
9SBF4GO_QhM	Karel Poláček – Čtrnáct dní na vojně ¦ Část 3.	2026-02	4
9SBF4GO_QhM	Karel Poláček – Čtrnáct dní na vojně ¦ Část 3.	2026-03	5
9SBF4GO_QhM	Karel Poláček – Čtrnáct dní na vojně ¦ Část 3.	2026-04	4
9SBF4GO_QhM	Karel Poláček – Čtrnáct dní na vojně ¦ Část 3.	2026-05	2
9SBF4GO_QhM	Karel Poláček – Čtrnáct dní na vojně ¦ Část 3.	2026-06	5
9SBF4GO_QhM	Karel Poláček – Čtrnáct dní na vojně ¦ Část 3.	2026-07	2
m7jS3vfTbr8	Josef Mach – Tři mrtvoly ve sklepě a jiné ¦ Povídka 4: Ze zašlých dob	2025-08	228
m7jS3vfTbr8	Josef Mach – Tři mrtvoly ve sklepě a jiné ¦ Povídka 4: Ze zašlých dob	2025-09	24
m7jS3vfTbr8	Josef Mach – Tři mrtvoly ve sklepě a jiné ¦ Povídka 4: Ze zašlých dob	2025-10	10
m7jS3vfTbr8	Josef Mach – Tři mrtvoly ve sklepě a jiné ¦ Povídka 4: Ze zašlých dob	2025-11	7
m7jS3vfTbr8	Josef Mach – Tři mrtvoly ve sklepě a jiné ¦ Povídka 4: Ze zašlých dob	2025-12	1
m7jS3vfTbr8	Josef Mach – Tři mrtvoly ve sklepě a jiné ¦ Povídka 4: Ze zašlých dob	2026-01	7
m7jS3vfTbr8	Josef Mach – Tři mrtvoly ve sklepě a jiné ¦ Povídka 4: Ze zašlých dob	2026-02	2
m7jS3vfTbr8	Josef Mach – Tři mrtvoly ve sklepě a jiné ¦ Povídka 4: Ze zašlých dob	2026-03	2
m7jS3vfTbr8	Josef Mach – Tři mrtvoly ve sklepě a jiné ¦ Povídka 4: Ze zašlých dob	2026-04	2
m7jS3vfTbr8	Josef Mach – Tři mrtvoly ve sklepě a jiné ¦ Povídka 4: Ze zašlých dob	2026-06	6
m7jS3vfTbr8	Josef Mach – Tři mrtvoly ve sklepě a jiné ¦ Povídka 4: Ze zašlých dob	2026-07	2
uQGvTZSqxb0	Josef Mach – Tři mrtvoly ve sklepě a jiné ¦ Povídka 1: Tři mrtvoly ve sklepě	2025-08	129
uQGvTZSqxb0	Josef Mach – Tři mrtvoly ve sklepě a jiné ¦ Povídka 1: Tři mrtvoly ve sklepě	2025-09	83
uQGvTZSqxb0	Josef Mach – Tři mrtvoly ve sklepě a jiné ¦ Povídka 1: Tři mrtvoly ve sklepě	2025-10	29
uQGvTZSqxb0	Josef Mach – Tři mrtvoly ve sklepě a jiné ¦ Povídka 1: Tři mrtvoly ve sklepě	2025-11	11
uQGvTZSqxb0	Josef Mach – Tři mrtvoly ve sklepě a jiné ¦ Povídka 1: Tři mrtvoly ve sklepě	2025-12	2
uQGvTZSqxb0	Josef Mach – Tři mrtvoly ve sklepě a jiné ¦ Povídka 1: Tři mrtvoly ve sklepě	2026-01	8
uQGvTZSqxb0	Josef Mach – Tři mrtvoly ve sklepě a jiné ¦ Povídka 1: Tři mrtvoly ve sklepě	2026-02	5
uQGvTZSqxb0	Josef Mach – Tři mrtvoly ve sklepě a jiné ¦ Povídka 1: Tři mrtvoly ve sklepě	2026-03	4
uQGvTZSqxb0	Josef Mach – Tři mrtvoly ve sklepě a jiné ¦ Povídka 1: Tři mrtvoly ve sklepě	2026-04	4
uQGvTZSqxb0	Josef Mach – Tři mrtvoly ve sklepě a jiné ¦ Povídka 1: Tři mrtvoly ve sklepě	2026-05	2
uQGvTZSqxb0	Josef Mach – Tři mrtvoly ve sklepě a jiné ¦ Povídka 1: Tři mrtvoly ve sklepě	2026-06	4
uQGvTZSqxb0	Josef Mach – Tři mrtvoly ve sklepě a jiné ¦ Povídka 1: Tři mrtvoly ve sklepě	2026-07	8
ukwDA_rTcKo	Jan Křesadlo – Václav Z. J. Pinkava ¦ Pestrá země	2025-12	125
ukwDA_rTcKo	Jan Křesadlo – Václav Z. J. Pinkava ¦ Pestrá země	2026-01	94
ukwDA_rTcKo	Jan Křesadlo – Václav Z. J. Pinkava ¦ Pestrá země	2026-02	29
ukwDA_rTcKo	Jan Křesadlo – Václav Z. J. Pinkava ¦ Pestrá země	2026-03	8
ukwDA_rTcKo	Jan Křesadlo – Václav Z. J. Pinkava ¦ Pestrá země	2026-04	3
ukwDA_rTcKo	Jan Křesadlo – Václav Z. J. Pinkava ¦ Pestrá země	2026-05	10
ukwDA_rTcKo	Jan Křesadlo – Václav Z. J. Pinkava ¦ Pestrá země	2026-06	9
ukwDA_rTcKo	Jan Křesadlo – Václav Z. J. Pinkava ¦ Pestrá země	2026-07	4
ukwDA_rTcKo	Jan Křesadlo – Václav Z. J. Pinkava ¦ Pestrá země	2026-08	2
vFih6GUiDWE	Karel Hádek – Čtení o staré Praze ¦ Kapitola 38: Staropražan vypravuje	2026-06	60
vFih6GUiDWE	Karel Hádek – Čtení o staré Praze ¦ Kapitola 38: Staropražan vypravuje	2026-07	216
YFBLQCVyJK4	Kouzelný stůl 3. díl ¦ Conrad Hagger ornamentální paštiky a dekorativní marcipán	2026-03	197
YFBLQCVyJK4	Kouzelný stůl 3. díl ¦ Conrad Hagger ornamentální paštiky a dekorativní marcipán	2026-04	27
YFBLQCVyJK4	Kouzelný stůl 3. díl ¦ Conrad Hagger ornamentální paštiky a dekorativní marcipán	2026-05	22
YFBLQCVyJK4	Kouzelný stůl 3. díl ¦ Conrad Hagger ornamentální paštiky a dekorativní marcipán	2026-06	5
YFBLQCVyJK4	Kouzelný stůl 3. díl ¦ Conrad Hagger ornamentální paštiky a dekorativní marcipán	2026-07	4
YFBLQCVyJK4	Kouzelný stůl 3. díl ¦ Conrad Hagger ornamentální paštiky a dekorativní marcipán	2026-08	2
aa-m1jhdlY4	Fónická poezie a autofikce – Pavel Novotný ¦ Pestrá země	2026-02	97
aa-m1jhdlY4	Fónická poezie a autofikce – Pavel Novotný ¦ Pestrá země	2026-03	83
aa-m1jhdlY4	Fónická poezie a autofikce – Pavel Novotný ¦ Pestrá země	2026-04	18
aa-m1jhdlY4	Fónická poezie a autofikce – Pavel Novotný ¦ Pestrá země	2026-05	16
aa-m1jhdlY4	Fónická poezie a autofikce – Pavel Novotný ¦ Pestrá země	2026-06	22
aa-m1jhdlY4	Fónická poezie a autofikce – Pavel Novotný ¦ Pestrá země	2026-07	5
asVUURTl2L8	Mouchy, Maribor a fotbalové metafory – Dora Kaprálová ¦ Pestrá země	2026-04	128
asVUURTl2L8	Mouchy, Maribor a fotbalové metafory – Dora Kaprálová ¦ Pestrá země	2026-05	53
asVUURTl2L8	Mouchy, Maribor a fotbalové metafory – Dora Kaprálová ¦ Pestrá země	2026-06	45
asVUURTl2L8	Mouchy, Maribor a fotbalové metafory – Dora Kaprálová ¦ Pestrá země	2026-07	30
asVUURTl2L8	Mouchy, Maribor a fotbalové metafory – Dora Kaprálová ¦ Pestrá země	2026-08	1
pDa4uxjPcn8	Toman a lesní panna – František Ladislav Čelakovský ¦ Mozaika české poezie: Příběhy a obrazy	2026-06	158
pDa4uxjPcn8	Toman a lesní panna – František Ladislav Čelakovský ¦ Mozaika české poezie: Příběhy a obrazy	2026-07	60
pDa4uxjPcn8	Toman a lesní panna – František Ladislav Čelakovský ¦ Mozaika české poezie: Příběhy a obrazy	2026-08	23
x9s2pglzA8Y	Karel Hádek – Čtení o staré Praze ¦ Kapitola 13: O domě vusínském aneb redutním	2025-11	215
x9s2pglzA8Y	Karel Hádek – Čtení o staré Praze ¦ Kapitola 13: O domě vusínském aneb redutním	2025-12	9
x9s2pglzA8Y	Karel Hádek – Čtení o staré Praze ¦ Kapitola 13: O domě vusínském aneb redutním	2026-01	11
x9s2pglzA8Y	Karel Hádek – Čtení o staré Praze ¦ Kapitola 13: O domě vusínském aneb redutním	2026-02	3
x9s2pglzA8Y	Karel Hádek – Čtení o staré Praze ¦ Kapitola 13: O domě vusínském aneb redutním	2026-03	1
x9s2pglzA8Y	Karel Hádek – Čtení o staré Praze ¦ Kapitola 13: O domě vusínském aneb redutním	2026-04	2
x9s2pglzA8Y	Karel Hádek – Čtení o staré Praze ¦ Kapitola 13: O domě vusínském aneb redutním	2026-05	1
x9s2pglzA8Y	Karel Hádek – Čtení o staré Praze ¦ Kapitola 13: O domě vusínském aneb redutním	2026-07	1
NlUN6_OqCc4	Karel Hádek – Čtení o staré Praze ¦ Kapitola 17: Nejkrásnější knihovna světa	2025-12	186
NlUN6_OqCc4	Karel Hádek – Čtení o staré Praze ¦ Kapitola 17: Nejkrásnější knihovna světa	2026-01	34
NlUN6_OqCc4	Karel Hádek – Čtení o staré Praze ¦ Kapitola 17: Nejkrásnější knihovna světa	2026-02	10
NlUN6_OqCc4	Karel Hádek – Čtení o staré Praze ¦ Kapitola 17: Nejkrásnější knihovna světa	2026-03	1
NlUN6_OqCc4	Karel Hádek – Čtení o staré Praze ¦ Kapitola 17: Nejkrásnější knihovna světa	2026-04	4
NlUN6_OqCc4	Karel Hádek – Čtení o staré Praze ¦ Kapitola 17: Nejkrásnější knihovna světa	2026-05	2
NlUN6_OqCc4	Karel Hádek – Čtení o staré Praze ¦ Kapitola 17: Nejkrásnější knihovna světa	2026-06	1
NlUN6_OqCc4	Karel Hádek – Čtení o staré Praze ¦ Kapitola 17: Nejkrásnější knihovna světa	2026-07	2
PL2W_cIVVmk	Kafka, poezie a vlastní jazyk  – Alžběta Stančáková:  ¦ Pestrá země	2026-06	197
PL2W_cIVVmk	Kafka, poezie a vlastní jazyk  – Alžběta Stančáková:  ¦ Pestrá země	2026-07	37
PL2W_cIVVmk	Kafka, poezie a vlastní jazyk  – Alžběta Stančáková:  ¦ Pestrá země	2026-08	4
Vxebi-BnYh4	Mariánská listování s Rudym Linkou - 6. díl	2025-09	143
Vxebi-BnYh4	Mariánská listování s Rudym Linkou - 6. díl	2025-10	23
Vxebi-BnYh4	Mariánská listování s Rudym Linkou - 6. díl	2025-11	10
Vxebi-BnYh4	Mariánská listování s Rudym Linkou - 6. díl	2025-12	3
Vxebi-BnYh4	Mariánská listování s Rudym Linkou - 6. díl	2026-01	15
Vxebi-BnYh4	Mariánská listování s Rudym Linkou - 6. díl	2026-02	3
Vxebi-BnYh4	Mariánská listování s Rudym Linkou - 6. díl	2026-03	6
Vxebi-BnYh4	Mariánská listování s Rudym Linkou - 6. díl	2026-04	12
Vxebi-BnYh4	Mariánská listování s Rudym Linkou - 6. díl	2026-05	4
Vxebi-BnYh4	Mariánská listování s Rudym Linkou - 6. díl	2026-06	5
Vxebi-BnYh4	Mariánská listování s Rudym Linkou - 6. díl	2026-07	7
Vxebi-BnYh4	Mariánská listování s Rudym Linkou - 6. díl	2026-08	2
ofLrbidTUik	Mariánská listování: Česká škola v Chicagu - 5. díl	2025-09	100
ofLrbidTUik	Mariánská listování: Česká škola v Chicagu - 5. díl	2025-10	97
ofLrbidTUik	Mariánská listování: Česká škola v Chicagu - 5. díl	2025-11	2
ofLrbidTUik	Mariánská listování: Česká škola v Chicagu - 5. díl	2025-12	4
ofLrbidTUik	Mariánská listování: Česká škola v Chicagu - 5. díl	2026-01	3
ofLrbidTUik	Mariánská listování: Česká škola v Chicagu - 5. díl	2026-02	4
ofLrbidTUik	Mariánská listování: Česká škola v Chicagu - 5. díl	2026-03	3
ofLrbidTUik	Mariánská listování: Česká škola v Chicagu - 5. díl	2026-04	2
ofLrbidTUik	Mariánská listování: Česká škola v Chicagu - 5. díl	2026-05	4
ofLrbidTUik	Mariánská listování: Česká škola v Chicagu - 5. díl	2026-06	3
ofLrbidTUik	Mariánská listování: Česká škola v Chicagu - 5. díl	2026-07	10
yH2Z5MORERw	Kouzelný stůl 4. díl ¦ Znovuzrození kouzelného stolu – jak jsme oživili barokní mechanismus	2026-04	192
yH2Z5MORERw	Kouzelný stůl 4. díl ¦ Znovuzrození kouzelného stolu – jak jsme oživili barokní mechanismus	2026-05	30
yH2Z5MORERw	Kouzelný stůl 4. díl ¦ Znovuzrození kouzelného stolu – jak jsme oživili barokní mechanismus	2026-06	4
yH2Z5MORERw	Kouzelný stůl 4. díl ¦ Znovuzrození kouzelného stolu – jak jsme oživili barokní mechanismus	2026-07	7
2-7AMKqBPdg	Virtuální realita: Open Brush – malování v 3D prostoru	2025-12	39
2-7AMKqBPdg	Virtuální realita: Open Brush – malování v 3D prostoru	2026-01	73
2-7AMKqBPdg	Virtuální realita: Open Brush – malování v 3D prostoru	2026-02	26
2-7AMKqBPdg	Virtuální realita: Open Brush – malování v 3D prostoru	2026-03	26
2-7AMKqBPdg	Virtuální realita: Open Brush – malování v 3D prostoru	2026-04	16
2-7AMKqBPdg	Virtuální realita: Open Brush – malování v 3D prostoru	2026-05	26
2-7AMKqBPdg	Virtuální realita: Open Brush – malování v 3D prostoru	2026-06	11
2-7AMKqBPdg	Virtuální realita: Open Brush – malování v 3D prostoru	2026-07	7
2-7AMKqBPdg	Virtuální realita: Open Brush – malování v 3D prostoru	2026-08	1
WKwwjbq3GV0	Karel Poláček – Čtrnáct dní na vojně ¦ Část 4.	2025-09	179
WKwwjbq3GV0	Karel Poláček – Čtrnáct dní na vojně ¦ Část 4.	2025-10	13
WKwwjbq3GV0	Karel Poláček – Čtrnáct dní na vojně ¦ Část 4.	2025-11	9
WKwwjbq3GV0	Karel Poláček – Čtrnáct dní na vojně ¦ Část 4.	2025-12	6
WKwwjbq3GV0	Karel Poláček – Čtrnáct dní na vojně ¦ Část 4.	2026-01	6
WKwwjbq3GV0	Karel Poláček – Čtrnáct dní na vojně ¦ Část 4.	2026-02	6
WKwwjbq3GV0	Karel Poláček – Čtrnáct dní na vojně ¦ Část 4.	2026-03	3
WKwwjbq3GV0	Karel Poláček – Čtrnáct dní na vojně ¦ Část 4.	2026-04	3
WKwwjbq3GV0	Karel Poláček – Čtrnáct dní na vojně ¦ Část 4.	2026-05	2
WKwwjbq3GV0	Karel Poláček – Čtrnáct dní na vojně ¦ Část 4.	2026-06	3
_-LTRQJyC4Y	Karel Hádek – Čtení o staré Praze ¦ Kapitola 25: Život vojenský – život veselý	2026-02	218
_-LTRQJyC4Y	Karel Hádek – Čtení o staré Praze ¦ Kapitola 25: Život vojenský – život veselý	2026-03	4
_-LTRQJyC4Y	Karel Hádek – Čtení o staré Praze ¦ Kapitola 25: Život vojenský – život veselý	2026-05	1
_-LTRQJyC4Y	Karel Hádek – Čtení o staré Praze ¦ Kapitola 25: Život vojenský – život veselý	2026-07	2
aO9IwLwZrMs	Karel Hádek – Čtení o staré Praze ¦ Kapitola 4: Pověsti o Staronové škole	2025-09	75
aO9IwLwZrMs	Karel Hádek – Čtení o staré Praze ¦ Kapitola 4: Pověsti o Staronové škole	2025-10	83
aO9IwLwZrMs	Karel Hádek – Čtení o staré Praze ¦ Kapitola 4: Pověsti o Staronové škole	2025-11	13
aO9IwLwZrMs	Karel Hádek – Čtení o staré Praze ¦ Kapitola 4: Pověsti o Staronové škole	2025-12	17
aO9IwLwZrMs	Karel Hádek – Čtení o staré Praze ¦ Kapitola 4: Pověsti o Staronové škole	2026-01	20
aO9IwLwZrMs	Karel Hádek – Čtení o staré Praze ¦ Kapitola 4: Pověsti o Staronové škole	2026-02	7
aO9IwLwZrMs	Karel Hádek – Čtení o staré Praze ¦ Kapitola 4: Pověsti o Staronové škole	2026-03	4
aO9IwLwZrMs	Karel Hádek – Čtení o staré Praze ¦ Kapitola 4: Pověsti o Staronové škole	2026-04	2
aO9IwLwZrMs	Karel Hádek – Čtení o staré Praze ¦ Kapitola 4: Pověsti o Staronové škole	2026-05	3
aO9IwLwZrMs	Karel Hádek – Čtení o staré Praze ¦ Kapitola 4: Pověsti o Staronové škole	2026-07	3
itaqj40lnlg	Virtuální realita z pohledu kulturní antropologie, Korea ve VR	2026-01	126
itaqj40lnlg	Virtuální realita z pohledu kulturní antropologie, Korea ve VR	2026-02	60
itaqj40lnlg	Virtuální realita z pohledu kulturní antropologie, Korea ve VR	2026-03	16
itaqj40lnlg	Virtuální realita z pohledu kulturní antropologie, Korea ve VR	2026-04	7
itaqj40lnlg	Virtuální realita z pohledu kulturní antropologie, Korea ve VR	2026-05	6
itaqj40lnlg	Virtuální realita z pohledu kulturní antropologie, Korea ve VR	2026-06	5
itaqj40lnlg	Virtuální realita z pohledu kulturní antropologie, Korea ve VR	2026-07	5
0KNr2DOZalM	Karel Hádek – Čtení o staré Praze ¦ Kapitola 15: Dopis z roku 1819	2025-11	134
0KNr2DOZalM	Karel Hádek – Čtení o staré Praze ¦ Kapitola 15: Dopis z roku 1819	2025-12	45
0KNr2DOZalM	Karel Hádek – Čtení o staré Praze ¦ Kapitola 15: Dopis z roku 1819	2026-01	28
0KNr2DOZalM	Karel Hádek – Čtení o staré Praze ¦ Kapitola 15: Dopis z roku 1819	2026-02	4
0KNr2DOZalM	Karel Hádek – Čtení o staré Praze ¦ Kapitola 15: Dopis z roku 1819	2026-03	1
0KNr2DOZalM	Karel Hádek – Čtení o staré Praze ¦ Kapitola 15: Dopis z roku 1819	2026-04	1
0KNr2DOZalM	Karel Hádek – Čtení o staré Praze ¦ Kapitola 15: Dopis z roku 1819	2026-05	2
0KNr2DOZalM	Karel Hádek – Čtení o staré Praze ¦ Kapitola 15: Dopis z roku 1819	2026-06	1
0KNr2DOZalM	Karel Hádek – Čtení o staré Praze ¦ Kapitola 15: Dopis z roku 1819	2026-07	1
6KlLyNPsbdk	Karel Hádek – Čtení o staré Praze ¦ Kapitola 3: O tandlmarku	2025-09	120
6KlLyNPsbdk	Karel Hádek – Čtení o staré Praze ¦ Kapitola 3: O tandlmarku	2025-10	39
6KlLyNPsbdk	Karel Hádek – Čtení o staré Praze ¦ Kapitola 3: O tandlmarku	2025-11	9
6KlLyNPsbdk	Karel Hádek – Čtení o staré Praze ¦ Kapitola 3: O tandlmarku	2025-12	13
6KlLyNPsbdk	Karel Hádek – Čtení o staré Praze ¦ Kapitola 3: O tandlmarku	2026-01	15
6KlLyNPsbdk	Karel Hádek – Čtení o staré Praze ¦ Kapitola 3: O tandlmarku	2026-02	2
6KlLyNPsbdk	Karel Hádek – Čtení o staré Praze ¦ Kapitola 3: O tandlmarku	2026-03	8
6KlLyNPsbdk	Karel Hádek – Čtení o staré Praze ¦ Kapitola 3: O tandlmarku	2026-04	2
6KlLyNPsbdk	Karel Hádek – Čtení o staré Praze ¦ Kapitola 3: O tandlmarku	2026-05	5
6KlLyNPsbdk	Karel Hádek – Čtení o staré Praze ¦ Kapitola 3: O tandlmarku	2026-06	2
6KlLyNPsbdk	Karel Hádek – Čtení o staré Praze ¦ Kapitola 3: O tandlmarku	2026-07	1
6KlLyNPsbdk	Karel Hádek – Čtení o staré Praze ¦ Kapitola 3: O tandlmarku	2026-08	1
HFtm9FvXsaU	Karel Hádek – Čtení o staré Praze ¦ Kapitola 6: Zahrady za Koňskou branou	2025-10	176
HFtm9FvXsaU	Karel Hádek – Čtení o staré Praze ¦ Kapitola 6: Zahrady za Koňskou branou	2025-11	9
HFtm9FvXsaU	Karel Hádek – Čtení o staré Praze ¦ Kapitola 6: Zahrady za Koňskou branou	2025-12	6
HFtm9FvXsaU	Karel Hádek – Čtení o staré Praze ¦ Kapitola 6: Zahrady za Koňskou branou	2026-01	9
HFtm9FvXsaU	Karel Hádek – Čtení o staré Praze ¦ Kapitola 6: Zahrady za Koňskou branou	2026-02	3
HFtm9FvXsaU	Karel Hádek – Čtení o staré Praze ¦ Kapitola 6: Zahrady za Koňskou branou	2026-04	1
HFtm9FvXsaU	Karel Hádek – Čtení o staré Praze ¦ Kapitola 6: Zahrady za Koňskou branou	2026-05	6
_VAzd9St5aI	Virtuální město: trénink paměti a kognitivních funkcí pro seniory	2025-10	88
_VAzd9St5aI	Virtuální město: trénink paměti a kognitivních funkcí pro seniory	2025-11	50
_VAzd9St5aI	Virtuální město: trénink paměti a kognitivních funkcí pro seniory	2025-12	25
_VAzd9St5aI	Virtuální město: trénink paměti a kognitivních funkcí pro seniory	2026-01	4
_VAzd9St5aI	Virtuální město: trénink paměti a kognitivních funkcí pro seniory	2026-02	8
_VAzd9St5aI	Virtuální město: trénink paměti a kognitivních funkcí pro seniory	2026-03	12
_VAzd9St5aI	Virtuální město: trénink paměti a kognitivních funkcí pro seniory	2026-04	7
_VAzd9St5aI	Virtuální město: trénink paměti a kognitivních funkcí pro seniory	2026-05	4
_VAzd9St5aI	Virtuální město: trénink paměti a kognitivních funkcí pro seniory	2026-06	10
_VAzd9St5aI	Virtuální město: trénink paměti a kognitivních funkcí pro seniory	2026-07	3
_VAzd9St5aI	Virtuální město: trénink paměti a kognitivních funkcí pro seniory	2026-08	1
lKfxKZTVHzE	Virtuální realita a prevence kriminality – Missing 10 Hours	2025-07	93
lKfxKZTVHzE	Virtuální realita a prevence kriminality – Missing 10 Hours	2025-08	73
lKfxKZTVHzE	Virtuální realita a prevence kriminality – Missing 10 Hours	2025-09	28
lKfxKZTVHzE	Virtuální realita a prevence kriminality – Missing 10 Hours	2025-10	6
lKfxKZTVHzE	Virtuální realita a prevence kriminality – Missing 10 Hours	2025-11	4
lKfxKZTVHzE	Virtuální realita a prevence kriminality – Missing 10 Hours	2025-12	2
lKfxKZTVHzE	Virtuální realita a prevence kriminality – Missing 10 Hours	2026-02	2
lKfxKZTVHzE	Virtuální realita a prevence kriminality – Missing 10 Hours	2026-03	5
lKfxKZTVHzE	Virtuální realita a prevence kriminality – Missing 10 Hours	2026-04	2
lKfxKZTVHzE	Virtuální realita a prevence kriminality – Missing 10 Hours	2026-06	4
lKfxKZTVHzE	Virtuální realita a prevence kriminality – Missing 10 Hours	2026-07	2